word,mini,en
a,Bob a man.,Bob is a person.
a,i de a vasa.,There was water.
a,i jage a sino de fungi-veni.,Look for signs of decomposition.
a,mi-ale i no pensa a da moda.,That's not how we think.
abuso,Tom i de abuso a Mary.,Tom abused Mary.
ade,"mi i go ade a tu, pero mi i go no ade a Tom.","I will help you, but I won't help Tom."
ade,tu e sufi matura ke tu i kan ade a tu-ego.,You are old enough to take care of yourself.
ade-kolun,di vela navi i ave a san ade-kolun.,This sailing ship has three masts.
ade-kolun,i supa-go a ade-kolun!,Climb the mast!
ade-man,si ade-man i de sinti a si sapato.,His assistant polished his shoes.
adere,i uti a adere baton.,Use a glue stick.
adere-imaje,mi i koleki a adere-imaje.,I collect stickers.
Aegiptos,Sami e de Aegiptos.,Sami originates from Egypt.
aeji,i dona a da aeji go mi.,Give me that shield.
aero,nu aero e ke mi-ale i nese.,Fresh air is what we need.
aero-kula,Sami i odi a aero-kula.,Sami hates air conditioners.
aero-loka,"ka mi odi tu, mi senti sama en-i open a aero-loka.","Because I hate you, I feel like opening the airlock."
aero-mini-peso,some vakansa-navi i radi sama mui aero-mini-peso sama uno mega karo.,Some cruise ships emit as much particulate matter as one million cars.
aero-pota,aero-pota e en ke?,Where's the airport?
aero-veni,jin i no aero-veni.,Gold doesn't rust.
Aetiopia,Italia i de milita-move a Aetiopia en 1935.,Italy invaded Ethiopia in 1935.
afa,"afa, mi-ale go.","Afterward, we go."
afa,mi e afa tu.,I am after you.
afa,Tom i de kan viva a ma u meno medi viva afa medika-metodo.,Tom was able to live a more or less normal life after the operation.
afa-semi-dia,bon afa-semi-dia.,Good afternoon.
Afganistan,Afganistan a lan-runguma paisa.,Afghanistan is a landlocked country.
afoga,viro-kinde i de fuji o naro a afoga.,The boy narrowly escaped drowning.
Afrika,riva-kavalo i viva en Afrika.,Hippopotamuses live in Africa.
agila,agila i ave a benda biko.,Eagles have curved beaks.
Aisopo,Aisopo i de a elas saga-man.,Aesop was a Greek fabulist.
aje,mi en-i aje.,I am aging.
aje,mi-ale i kan e sama aje.,We must be the same age.
ajenda,si-viro viro-paren i de aseta a mi ajenda anti si-viro vole.,His father consented to my plan against his will.
ake,"den, ake i de lubi an vola de si-viro mano go pisina.",Thus it happened that the axe slipped and flew out of his hands into the pool.
ake-filoso,"apara, en-i anti a ake-filoso e ake-filoso.","Apparently, opposing fascism is fascist."
akonto,i open a akonto.,Open an account.
akonto-man,akonto-man i favo a suma-foli.,Accountants love spreadsheets.
akonto-siensa,Tom i labora en akonto-siensa.,Tom works in accounting.
akuse,polisa i de akuse a si.,The police accused him.
akuta,vasa-retili i ave a akuta denta.,Crocodiles have sharp teeth.
Alarbia,Alarbia e duro!,Arabic is difficult!
ale,ale demon i de apara e sama tempo go-i kapa a si-ale mudi-make.,The demons came out all at once to capture their prey.
ale,mi i no savi a ale ke tu i make.,I don't know everything you do.
ale-en-i-savi,mega info en-i tenta go ale-en-i-savi.,Big Data is striving for omniscience.
ale-litera,i ale-litera a di seri.,Alphabetize this list.
ale-sesi,"name ""ale-sesi"" i ave veni o jusa a popula ota go ""duo-sesi"".","The term ""pansexual"" has recently become a popular alternative to ""bisexual""."
alien,alien e vere.,Aliens are real.
alio,mi i pensa ke mi i de uti a su alio.,I think I used too much garlic.
Aljeri,Aljeri i debe kata a relate kon Saudi-arabia?,Should Algeria cut its ties with Saudi Arabia?
Amerika,Bob e de Amerika.,Bob is from America.
amidala,su bibe i kan duka a amidala.,Binge drinking can damage the amygdala.
amigo,man-ale i nese a amigo.,Everyone needs friends.
amo,"si-viro i de en-savi a mi ke viva i ke, an mori i sinifi a ke, an rason ke amo e ma poten sama si-duo.","He made me see what Life is, and what Death signifies, and why Love is stronger than both."
amo,mi-ale i amo a dogi.,We love dogs.
amo-enkonte,mi-ale i kan eleti a retorante go amo-enkonte eve?,Can we pick a new restaurant for date night?
amo-enkonte,tu i da favo amo-enkonte e some tempo?,Would you like to go out sometime?
amo-man,"amo-man, favo, i memo.","Darling, please remember."
amo-senti,mi i misi a tu amo-senti.,I miss your caresses.
amuse,si i de e amuse?,Was it fun?
an,mi i an a si a mi seri.,I add it to my list.
an,Tom an mi i de e no solo man ke i de via-viva.,Tom and I weren't the only ones who survived.
an,Tom i de veni en dia-1 an i de baka-go e uno dia afa.,Tom came on Monday and went back the day after.
an-ma,"2, 4, 6, an-ma, a duo-numa.","2, 4, 6, etc., are even numbers."
an-sino,"an-sino i sinifi a ""an"".","The ampersand means ""and""."
Anak,Anak a man en ebru Kristo-buku.,Anak is a figure in the Hebrew Bible.
Andalusia,Andalusia e en sude de Espania.,Andalusia is located in the south of Spain.
Angola,si i de e nati en Sina pero si i viva en Angola.,He was born in China but lives in Angola.
Angugo,en-i etudi a Angugo e duro.,Learning Korean is difficult.
ani,mi i go no lase ke ani i make a da.,I won't let anybody do that.
ani,tu i kan eleti a ani retorante ke tu i favo.,You can pick whatever restaurant you like.
ani-loke,i karo-para en ani-loke.,Just park anywhere.
anima,anima i esi?,Do souls exist?
animale,animale i ave manja.,The animal has eaten.
animale,animale i en manja.,The animal is eating.
animale-fobo,mi i ave a animale-fobo.,I have zoophobia.
animale-medika,Tom i ave a animale-medika base.,Tom has a veterinary background.
animale-medika-kasa,Santiago i de apara en animale-medika-kasa.,Santiago showed up at the veterinary clinic.
animale-medika-man,mi a lase animale-medika-man.,I am a licensed veterinarian.
animale-sela,bovi i de begin kuri en animale-sela.,The cows started running in the corral.
anjo,i dansa kon anjo.,Dance with angels.
ankora,vere duro e ke tu i no savi o ankora ke mi-ale i ave a duro.,The real problem is you don't even know we have a problem.
ano,"via penta ano de duka o sela-develo-maladi terapi, si-viro i de fini-make kipa a dereka fase.","Throughout the five years of painful cancer treatments, he managed to keep a stiff upper lip."
ansio,Annie i de manja o ansio.,Annie ate nervously.
ansio-fiba,lense ansio-fiba en oko i lase ke tu i mira.,The optic nerve in the eye allows you to see.
Antartika,ise-tori e orijen de Antartika.,Penguins are endemic to Antarctica.
ante,"ante tu i dona-mala-name a some, tu i debe kamina a uno-punto-sita-kilo-mita en si sapato.","Before you criticize someone, you should walk a mile in their shoes."
ante,joli-man i de labora o duro en en-i esita a junta ante ludi-man i de apara en patio go fini ludi de karera de mano-balo de Delauer tingi-sekola.,The cheerleaders worked hard to fire up the crowd before the players took the court for the final game of the Delaware high school basketball playoffs.
ante-nese,sivi-neso a ante-nese go vote.,Citizenship is a prerequisite for voting.
ante-nun-aje,"labora de erase-sesi-viro, an, de-i akonto en ante-nun-aje tempo.",An occupation of eunuchs also recorded in premodern times.
anti,si-viro viro-paren i de aseta a mi ajenda anti si-viro vole.,His father consented to my plan against his will.
anti-ora-uti-direto,tu i tensa a di elika-poten-pin e ke? ora-uti-direto u anti-ora-uti-direto?,How do you tighten this screw? Clockwise or counterclockwise?
anti-sinifi,"medi, anti-sinifi de bon a mala.",The usual antonym of good is bad.
anti-tempo-tolera,Tom i de sede o anti-tempo-tolera.,Tom sat impatiently.
antika,Tom e su antika ke si i no kan make a da.,Tom is already too old to do that.
antika-gadi,mi i favo a antika-gadi kon nata de fava-nuki.,I like celery with peanut butter.
anunsi,edu-man i de anunsi a si vina.,The teacher pled guilty.
apara,ale demon i de apara e sama tempo go-i kapa a si-ale mudi-make.,The demons came out all at once to capture their prey.
apara,Ziri de-i apara e mui joli.,Ziri seemed really happy.
apojo,no man i de apojo a si-feme.,Nobody supported her.
apojo-kan,di e no apojo-kan.,This isn't sustainable.
ara,ara i make a madu.,Bees make honey.
ara-fobo,a rason go mi ara-fobo.,There is a reason for my apiphobia.
Aragon,Aragon a ego-ereki komun en Espania.,Aragon is an autonomous community in Spain.
arana,mi i odi a arana.,I abhor spiders.
arana-fobo,arana i kan ave a arana-fobo.,Spiders can have arachnophobia.
arapan,mi i arapan ke tu i go ave a bon afa-semi-dia.,I hope you have a good afternoon.
arapan,mi i de no arapan a some-kosa sama da.,I did not expect something like that.
arapan-kipa,mi i en arapan-kipa o solo a amigo.,I'm just waiting for a friend.
arapan-kipa,mi i no kan arapan-kipa ke dia-5 i veni.,I can't wait for Friday to come.
area,di a no fume area.,This is a no smoking zone.
Argentina,mi-ale i de en-pota a niku de Argentina.,We imported meat from Argentina.
Armenia,Armenia a monte paisa.,Armenia is a mountainous country.
aro,mi aro e en ke?,Where are my arrows?
aroma,si-ale i ave a raro aroma.,They have a weird smell.
aseta,si-viro viro-paren i de aseta a mi ajenda anti si-viro vole.,His father consented to my plan against his will.
aseta,Tom i de aseta o solo a semi liabili.,Tom only accepted partial responsibility.
Asia,Tai e en Asia.,Thailand is in Asia.
asido,asido i dona-duka a metali.,Acid attacks metal.
asilu,si-viro i de no kan deteki a asilu.,He couldn't find any refuge.
Asturias,Asturias e loke en monte area kon mui an develo veji.,Asturias is situated in a mountainous setting with vast greenery and lush vegetation.
atira,anti i atira.,Opposites attract.
Atlas-mare,si-ale i de go via Atlas-mare.,They crossed the Atlantic Ocean.
ato,i ato e ma rapi!,Act faster!
ato-begin,i ato-begin a radi-uti.,Turn on the radio.
ato-fini,i ato-fini a tivi.,Turn off the TV.
ato-name,tu i kan name-muta a di ato-name?,Can you conjugate this verb?
atomo,atomo e en ale.,Atoms are in everything.
atomo-1,vasa i ave a atomo-1 an atomo-8.,Water contains hydrogen and oxygen.
atomo-2,atomo-2 a aero.,Helium is a gas.
atomo-3,tu leva de atomo-3 i de e bajo.,Your lithium levels were low.
atomo-4,"Patrick Etchart, pale-man de Ofisi de Enejia, i dire ke peso i de e make de atomo-94, atomo-92, atomo-4 an no aero-veni fero, en-i uti a vari o danja kami en metodo.","Patrick Etchart, spokesman for the Department of Energy, says the components were made from plutonium, uranium, beryllium and stainless steel, utilizing various dangerous chemicals in the process."
atomo-5,induseri uti de atomo-5 a ke?,What are the industrial applications of boron?
atomo-6,an atomo-6 tarifa?,What about the carbon tax?
atomo-7,kaka de natura polo e tingi en atomo-7.,Organic chicken manure is high in nitrogen.
atomo-8,vasa i ave a atomo-1 an atomo-8.,Water contains hydrogen and oxygen.
atomo-9,atomo-9 a ten-san-ranko da ma medi atomo en pele de Tera.,Fluorine is the thirteenth most common element in Earth's crust.
atomo-10,atomo-10 a nulo-enejia aero.,Neon is a noble gas.
atomo-11,atomo-26 i reaki kon atomo-11?,Does iron react with sodium?
atomo-12,niku-en-feruta i ave a atomo-12.,Figs contain magnesium.
atomo-13,atomo-13 tin e gen-rondo.,Aluminum cans are recycled.
atomo-14,a viva de-i base en atomo-14?,Is there silicon-based life?
atomo-15,fekun i ave a atomo-15?,Do fertilizers contain phosphorus?
atomo-16,atomo-16 i aroma sama fungi-veni ovo.,Sulfur smells like rotten eggs.
atomo-17,atomo-17 i make ke vasa i aroma e raro.,The chlorine makes the water taste strange.
atomo-18,atomo-18 a nulo-enejia aero.,Argon is a noble gas.
atomo-19,banana e tingi en atomo-19.,Bananas are high in potassium.
atomo-20,atomo-20 e misi de si-viro manja-moda.,Calcium is absent from his diet.
atomo-21,kemi sino de atomo-21 a Sc.,The chemical symbol of scandium is Sc.
atomo-22,atomo-68 i de ave deteki en besonde o atomo-22 mina-roka.,Erbium has been found in certain titanium minerals.
atomo-23,kemi sino de atomo-23 a V.,The chemical symbol of vanadium is V.
atomo-24,mini-sujo ke i dona a si ruja kolo go ruja-roka a atomo-24.,The dopant that gives rubies their red color is chromium.
atomo-25,kemi sino de atomo-25 a Mn.,The chemical symbol of manganese is Mn.
atomo-26,atomo-26 i reaki kon atomo-11?,Does iron react with sodium?
atomo-27,Popula-regula-gove republika de kongo i eki-pota a atomo-27.,The DRC exports cobalt.
atomo-28,di duro-mone e make de atomo-28.,This coin is made of nickel.
atomo-29,si-viro i fusi a atomo-29.,He melts copper.
atomo-30,di metali de-i name a atomo-30.,This metal is called zinc.
atomo-31,kemi sino de atomo-31 a Ga.,The chemical symbol of gallium is Ga.
atomo-32,kemi sino de atomo-32 a Ge.,The chemical symbol of germanium is Ge.
atomo-33,atomo-33 a venemo.,Arsenic is a poison.
atomo-34,"atomo-1, atomo-6, atomo-7, atomo-15, otomo-8, atomo-16 and atomo-34 a no-metali.","Hydrogen, carbon, nitrogen, phosphorus, oxygen, sulfur and selenium are nonmetals."
atomo-35,venemo aero de atomo-35 i kan duka a man lunge.,Toxic fumes of bromine can damage one's lungs.
atomo-36,kemi sino de atomo-36 a Kr.,The chemical symbol of krypton is Kr.
atomo-37,makina de-i make de nube de atomo-37 atomo.,The device consists of a cloud of rubidium atoms.
atomo-38,"Davy, britan kemi-man, i de divi a pura atomo atomo-56, atomo-5, atomo-20, atomo-12, atomo-19, atomo-11 an atomo-38.","Davy, a British chemist, isolated the pure elements barium, boron, calcium, magnesium, potassium, sodium and strontium."
atomo-39,"fo kemi atomo, atomo-39, atomo-68, atomo-65 an atomo-70, e name en onore go vila Ytterby en Sbaria.","Four chemical elements, yttrium, erbium, terbium, and ytterbium, are named after the village of Ytterby in Sweden."
atomo-40,"Some man i pensa ke ringo e no ankora vere, an si e make de kubo atomo-40, meno kote moda go diamante.","Some think that the ring isn't even real, and it is instead made up of cubic zirconium, a cheaper alternative to diamond."
atomo-41,kemi sino de atomo-41 a Nb.,The chemical symbol of niobium is Nb.
atomo-42,si-feme i de e esita de atomo-42 dipa-etudi de mina-roka kata.,She was elated by the molybdenum assay of the ore sample.
atomo-43,atomo-43 de-i deteki o raro en natura.,Technetium is rarely found in nature.
atomo-44,kemi sino de atomo-44 a Ru.,The chemical symbol of ruthenium is Ru.
atomo-45,atomo-45 a da ma raro metali.,Rhodium is the rarest metal.
atomo-46,Paul i de nese a atomo-46 go si-viro inventi.,Paul needed the palladium for his invention.
atomo-47,di e no atomo-47.,This isn't silver.
atomo-48,atomo-48 venemo a mui medi rason de mori en sude.,Cadmium poisoning is a very common cause of death in the south.
atomo-49,atomo atomo-49 e mui suave go metali.,Elemental Indium is very soft for a metal.
atomo-50,atomo-50 a suave metali.,Tin is a soft metal.
atomo-51,"mina-roka vare i kon a atomo-47, atomo-79, atomo-92, atomo-51, atomo-74 an kabon.","Mineral resources include silver, gold, uranium, antimony, tungsten, and coal."
atomo-52,man i uti a atomo-52 go ke?,What is tellurium used for?
atomo-53,man i uti a atomo-53 go-i pura a vasa.,Iodine is used to purify water.
atomo-54,kemi sino de atomo-54 a Xe.,The chemical symbol of xenon is Xe.
atomo-55,"en Nipon, man i de deteki a atomo-radi atomo-55 en bebe moloko.","In Japan, radioactive cesium was detected in baby formula."
atomo-56,"Davy, britan kemi-man, i de divi a pura atomo atomo-56, atomo-5, atomo-20, atomo-12, atomo-19, atomo-11 an atomo-38.","Davy, a British chemist, isolated the pure elements barium, boron, calcium, magnesium, potassium, sodium and strontium."
atomo-57,kemi sino de atomo-57 a La.,The chemical symbol of lanthanum is La.
atomo-58,"u atomo-58, ke si a impotan materi en rapi-kemi-reaki muta-uti.","Or cerium, which is an important material in catalytic converters."
atomo-59,kemi sino de atomo-59 a Pr.,The chemical symbol of praseodymium is Pr.
atomo-60,atomo-60 mageneti a mui poten mageneti.,Neodymium magnets are very strong magnets.
atomo-61,kemi sino de atomo-61 a Pm.,The chemical symbol of promethium is Pm.
atomo-62,uno-ranko raro-tera-atomo mageneti de-i develo i de e base en raro-tera-atomo atomo-62.,The first rare earth magnet to have been developed was based on the rare earth samarium.
atomo-63,"raro-tera-atomo a junta de 17 metali atomo, sama atomo-60, atomo-63 an atomo-66.","Rare earth elements are a set of 17 metallic elements, such as neodymium, europium, and dysprosium."
atomo-64,kemi sino de atomo-64 a Gd.,The chemical symbol of gadolinium is Gd.
atomo-65,"fo kemi atomo, atomo-39, atomo-68, atomo-65 an atomo-70, e name en onore go vila Ytterby en Sbaria.","Four chemical elements, yttrium, erbium, terbium, and ytterbium, are named after the village of Ytterby in Sweden."
atomo-66,"raro-tera-atomo a junta de 17 metali atomo, sama atomo-60, atomo-63 an atomo-66.","Rare earth elements are a set of 17 metallic elements, such as neodymium, europium, and dysprosium."
atomo-67,mi atomo-67 pianeta i ave a ale ke si i nese.,My holmium planet has everything it needs.
atomo-68,atomo-68 i de ave deteki en besonde o atomo-22 mina-roka.,Erbium has been found in certain titanium minerals.
atomo-69,da ma raro raro-tera-atomo e atomo-69.,The rarest rare earth is thulium.
atomo-70,"fo kemi atomo, atomo-39, atomo-68, atomo-65 an atomo-70, e name en onore go vila Ytterby en Sbaria.","Four chemical elements, yttrium, erbium, terbium, and ytterbium, are named after the village of Ytterby in Sweden."
atomo-71,kemi sino de atomo-71 a Lu.,The chemical symbol of lutetium is Lu.
atomo-72,bisinesa i dire ke via-vari-eleki-uti en si sige aje de eleki-metodo-uti i go e make kon atomo-72.,The company says the transistors in its next generation of processors will be made using hafnium.
atomo-73,pero an mina ke i de make a atomo-73 u atomo-46 en tu via-vari-eleki-uti?,But what about the mines that produced the tantalum or palladium in your transistors?
atomo-74,"mina-roka vare i kon a atomo-47, atomo-79, atomo-92, atomo-51, atomo-74 an kabon.","Mineral resources include silver, gold, uranium, antimony, tungsten, and coal."
atomo-75,atomo-75 i kan e inventi kon si liga.,Rhenium can be creative with its bonds.
atomo-76,"atomo-78 a peso de sita atomo-78 junta metali (PGM), en-i kon a atomo-46, atomo-77, atomo-45, atomo-44 an atomo-76.","Platinum is part of the six platinum-group metals (PGM), including palladium, iridium, rhodium, ruthenium, and osmium."
atomo-77,"atomo-78 a peso de sita atomo-78 junta metali (PGM), en-i kon a atomo-46, atomo-77, atomo-45, atomo-44 an atomo-76.","Platinum is part of the six platinum-group metals (PGM), including palladium, iridium, rhodium, ruthenium, and osmium."
atomo-78,"atomo-78 a peso de sita atomo-78 junta metali (PGM), en-i kon a atomo-46, atomo-77, atomo-45, atomo-44 an atomo-76.","Platinum is part of the six platinum-group metals (PGM), including palladium, iridium, rhodium, ruthenium, and osmium."
atomo-79,"mina-roka vare i kon a atomo-47, atomo-79, atomo-92, atomo-51, atomo-74 an kabon.","Mineral resources include silver, gold, uranium, antimony, tungsten, and coal."
atomo-80,atomo-80 e kelabu.,Mercury is gray.
atomo-81,atomo-81 a venemo.,Thallium is a poison.
atomo-82,atomo-82 i benda o fasile.,Lead bends easily.
atomo-83,kemi sino de atomo-83 a Bi.,aThe chemical symbol of bismuth is Bi.
atomo-84,man i kan uti a atomo-84 sama mui poten venemo.,Polonium can be used as a very potent poison.
atomo-85,atomo-85 e mui raro.,Astatine is very rare.
atomo-86,a atomo-86 a ke mui?,How much radon is there?
atomo-87,"en ani momen, a, mebi, ba atomo-87 atomo en ale de Tera.","At any given moment, there are perhaps eight francium atoms in the whole of the earth."
atomo-88,ke man i de deteki a atomo-88?,Who discovered radium?
atomo-89,atomo-89 a atomo-radi atomo.,Actinium is a radioactive element.
atomo-90,kemi sino de atomo-90 a Th.,The chemical symbol of thorium is Th.
atomo-91,atomo-91 e atomo-radi.,Protactinium is radioactive.
atomo-92,"Patrick Etchart, pale-man de Ofisi de Enejia, i dire ke peso i de e make de atomo-94, atomo-92, atomo-4 an no aero-veni fero, en-i uti a vari o danja kami en metodo.","Patrick Etchart, spokesman for the Department of Energy, says the components were made from plutonium, uranium, beryllium and stainless steel, utilizing various dangerous chemicals in the process."
atomo-93,atomo-93 e kemi sama atomo-92.,Neptunium is chemically similar to uranium.
atomo-94,"Patrick Etchart, pale-man de Ofisi de Enejia, i dire ke peso i de e make de atomo-94, atomo-92, atomo-4 an no aero-veni fero, en-i uti a vari o danja kami en metodo.","Patrick Etchart, spokesman for the Department of Energy, says the components were made from plutonium, uranium, beryllium and stainless steel, utilizing various dangerous chemicals in the process."
atomo-95,kemi sino de atomo-95 a Am.,The chemical symbol of americium is Am.
atomo-96,atomo ke mi i pale a atomo-96.,The element I'm referring to is curium.
atomo-97,"atomo-97 e name en onore go siti de Berkeley, Kalifornia.","Berkelium is named after the city of Berkeley, California."
atomo-98,kemi sino de atomo-98 a Cf.,The chemical symbol of californium is Cf.
atomo-99,"tu e make de atomo-7, atomo-8, atomo-83, atomo-43, atomo-1 an atomo-99?","Are you made of nitrogen, oxygen, bismuth, technetium, hydrogen and einsteinium?"
atomo-100,atomo-100 e name en onore de Enrico Fermi.,Fermium is named after Enrico Fermi.
atomo-101,kemi sino de atomo-101 a Md.,The chemical symbol of mendelevium is Md.
atomo-102,atomo-102 e name en onore de Alfred Nobel.,Nobelium is named after Alfred Nobel.
atomo-103,atomo-103 e name en onore de Ernest Lawrence.,Lawrencium is named after Ernest Lawrence.
atomo-104,kemi sino de atomo-104 a Rf.,The chemical symbol of rutherfordium is Rf.
atomo-105,kemi sino de atomo-105 a Db.,The chemical symbol of dubnium is Db.
atomo-106,atomo-106 e name en onore de Glenn T. Seaborg.,Seaborgium is named after Glenn T. Seaborg.
atomo-107,mi i de manja a atomo-107 an si i de e bon.,I ate bohrium and it was good.
atomo-108,atomo-108 a ke?,What is hassium?
atomo-109,kemi sino de atomo-109 a Mt.,The chemical symbol of meitnerium is Mt.
atomo-110,kemi sino de atomo-110 a Ds.,The chemical symbol of darmstadtium is Ds.
atomo-111,atomo-111 i de o uno-ranko e make en 1994.,Roentgenium was first created in 1994.
atomo-112,atomo-112 e name en onore de Nicolaus Copernicus.,Copernicium is named after Nicolaus Copernicus.
atomo-113,"kon atomo numa 113, 115, 117 an 118, fo nu atomo de-i name atomo-113 (Nh), atomo-115 (Mc), atomo-117 (Ts) an atomo-118 (Og).","Given the atomic numbers 113, 115, 117 and 118, the four new elements have been named Nihonium (Nh), Moscovium (Mc), Tennessine (Ts) and Oganesson (Og)."
atomo-114,kemi sino de atomo-114 a Fl.,The chemical symbol of flerovium is Fl.
atomo-115,"kon atomo numa 113, 115, 117 an 118, fo nu atomo de-i name atomo-113 (Nh), atomo-115 (Mc), atomo-117 (Ts) an atomo-118 (Og).","Given the atomic numbers 113, 115, 117 and 118, the four new elements have been named Nihonium (Nh), Moscovium (Mc), Tennessine (Ts) and Oganesson (Og)."
atomo-116,kemi sino de atomo-116 a Lv.,The chemical symbol of livermorium is Lv.
atomo-117,"kon atomo numa 113, 115, 117 an 118, fo nu atomo de-i name atomo-113 (Nh), atomo-115 (Mc), atomo-117 (Ts) an atomo-118 (Og).","Given the atomic numbers 113, 115, 117 and 118, the four new elements have been named Nihonium (Nh), Moscovium (Mc), Tennessine (Ts) and Oganesson (Og)."
atomo-118,"kon atomo numa 113, 115, 117 an 118, fo nu atomo de-i name atomo-113 (Nh), atomo-115 (Mc), atomo-117 (Ts) an atomo-118 (Og).","Given the atomic numbers 113, 115, 117 and 118, the four new elements have been named Nihonium (Nh), Moscovium (Mc), Tennessine (Ts) and Oganesson (Og)."
atomo-enejia,atomo-enejia e sekura.,Nuclear power is safe.
Australia,mi i ave janji a Tom ke mi i da go a Australia kon si-viro.,I've promised Tom I'd go to Australia with him.
ave,animale i ave manja.,The animal has eaten.
ave,mi i arapan ke tu i go ave a bon afa-semi-dia.,I hope you have a good afternoon.
ave,Sami i de ave a si diji en si labi an i de roga go Layla ke si i no debe make a sono.,Sami had his finger on his lips and asked Layla not to make a sound.
ave-a,da a ave-a ato-name.,That's a transitive verb.
baka,Ziri i de kuri go baka mun.,Ziri ran to the back door.
baka-dona,Tom i de baka-dona a si note-pape en si teta poke.,Tom put his pad back into his breast pocket.
baka-go,si-viro i de baka-go a Danmak.,He went back to Denmark.
baka-go,Tom i de veni en dia-1 an i de baka-go e uno dia afa.,Tom came on Monday and went back the day after.
baka-pale-tori,go-i mori a baka-pale-tori.,To kill a mockingbird.
Barbari,en-i etudi a Barbari de-i ave e vere joli go mi.,Studying Berber has been a real joy for me.
base,"de begin de lati-maladi, mi-ale i ave make a deside de-i base en siensa, info an dalili de guru de sano.","Since the onset of the pandemic, we have made decisions based on science, data and evidence from health experts."
base,Jordan Peterson e raro seketa-man ke i base a si idea en mentira mentira-siensa de Carl Jung.,Jordan Peterson is a weird mystic who bases his ideas on the discredited pseudoscience of Carl Jung.
basilo,di i go mori a basilo.,This will kill the bacteria.
bebe-pota,tu e bebe-pota?,Are you pregnant?
begin,"de begin de lati-maladi, mi-ale i ave make a deside de-i base en siensa, info an dalili de guru de sano.","Since the onset of the pandemic, we have made decisions based on science, data and evidence from health experts."
begin,junta i de ave begin ludi o jusa ven regen i de begin.,The teams had just started to play when it began to rain.
bela,i mira a tingi bela feme ke i en ereki e da.,Look at the tall pretty girl standing there.
beli,"beli a peso de bodi de man, si e en bodi.","The stomach is part of people’s bodies, it is inside the body."
beso,si i de e apara ke si-viro i de vole beso a mi.,It was obvious that he wanted to kiss me.
besonde,e no nese go-i dire ke si-feme e besonde piano-man.,It is not necessary to say that she is an excellent pianist.
bete,mega silen i sede en bete kasa ve so mui de viro an feme i de more enkonte en ota dia.,An impressive silence broods over the monstrous structure where such multitudes of men and women were wont to assemble in other days.
bibe,man i bibe a vasa.,A person drinks water.
bibe,Tom i de bibe a si kafe.,Tom sipped his coffee.
bisinesa-man,bisinesa-man i en-pota a 200 kilo-gama de vino-beri.,The businessman imports 200 kilograms of grapes.
bodi,bodi de viro e no sama bodi de feme.,The body of a man is not like the body of a woman.
bodi-peso,no o viva bodi-peso i de e duka.,No vital organs were damaged.
bon,mega viro i go veni e bon.,The big man will be good.
bon,mi i arapan ke tu i go ave a bon afa-semi-dia.,I hope you have a good afternoon.
bon,si-uno i no nese dire ke vere-fule-neso e da ma bon ajenda.,It goes without saying that honesty is the best policy.
botelo,i favo pota a semi botelo de vino go mi.,Please bring me a half-bottle of wine.
Brasil,Brasil e mui rika; si rika e mui mega; kafe e uno de si o da ma mega rika.,Brazil is very rich; its richness is immense; coffee is one of its greatest riches.
buku,di buku e de-i note de mi.,This book is written by me.
buku,si-viro i de note a buku ke i dona-mala-name a Aljeri.,He wrote a book criticizing Algeria.
da,"mi da make a da, pero mi no kan.","I would do that, but I can't."
da,Tom an Mary i de dire ke si-ale i da e di.,Tom and Mary said they would be here.
da,Tom i da no favo a Australia.,Tom wouldn't like Australia.
dalili,"de begin de lati-maladi, mi-ale i ave make a deside de-i base en siensa, info an dalili de guru de sano.","Since the onset of the pandemic, we have made decisions based on science, data and evidence from health experts."
dare,amo i nese a dare.,Love needs courage.
de,i jage a sino de fungi-veni.,Look for signs of decomposition.
de,Mary i de muta o fini a si-feme menta.,Mary eventually changed her mind.
de,mega viro i de manja.,The big man ate.
debe,Aljeri i debe kata a relate kon Saudi-arabia?,Should Algeria cut its ties with Saudi Arabia?
debe,da e sama si i debe veni.,That's how it has to be.
defende,i defende de rontgen-radi.,Protect from x-ray.
deja,tu i ave voka o deja a sano-karo?,Have you already called an ambulance?
Delauer,joli-man i de labora o duro en en-i esita a junta ante ludi-man i de apara en patio go fini ludi de karera de mano-balo de Delauer tingi-sekola.,The cheerleaders worked hard to fire up the crowd before the players took the court for the final game of the Delaware high school basketball playoffs.
demon,ale demon i de apara e sama tempo go-i kapa a si-ale mudi-make.,The demons came out all at once to capture their prey.
den,"en-i open o mui lenta o ade a ventana, si-ale i de arapan-kipa tila kali nube i de ave osura o semi a eve, an den uno de uno i de kamina go mini gaden.","Opening the window very slowly and carefully, they waited until a dark cloud had somewhat obscured the night, and then one by one passed through into the little garden."
denta,Tom de-i denta de naga.,Tom was bitten by a snake.
dereko-filoso,si-feme dereko-filoso e elasi.,Her ethics are flexible.
deside,"de begin de lati-maladi, mi-ale i ave make a deside de-i base en siensa, info an dalili de guru de sano.","Since the onset of the pandemic, we have made decisions based on science, data and evidence from health experts."
desini-evento,mui desini-evento de-i kan veni dona.,Numerous examples can be given.
deteki,mi i pensa ke mi i kan deteki a tu domo.,I think I can find your house.
develo,"veji i develo en gaden, sama foli-veji, rondo-foli-vejii, onion, alio, melon, bianka-kera-veji, bianka-rondo-radika-veji, ruja-rondo-radika-veji, kavalo-rondo-radika-veji, roka-antika-gadi, longo-midori-melon an oranje-melon.","Greens and vegetables grow in gardens, such as lettuce, cabbage, onions, garlic, gourd, parsnip, turnip, radish, horse radish, parsley, cucumbers and pumpkin."
di,i lase a mi ke mi i make a di e mi jalan.,Let me do this my way.
di,tu kinde e no di go ke rason?,Why aren't your children here?
dia,fete e en dia seven.,The party's on Sunday.
dia,mi i dia a si sama 1730.,I date it as 1730.
dia-1,Tom i de veni en dia-1 an i de baka-go e uno dia afa.,Tom came on Monday and went back the day after.
dia-5,mi i no kan arapan-kipa ke dia-5 i veni.,I can't wait for Friday to come.
diji,Sami i de ave a si diji en si labi an i de roga go Layla ke si i no debe make a sono.,Sami had his finger on his lips and asked Layla not to make a sound.
dika,dika feo bebe.,Fat ugly baby.
dimenti,mi i de dimenti redi a siren go sekola.,I forgot to set the alarm for school.
dipa-bore,nu demo e lati-maladi de poten dipa-bore.,The new show is plagued by an aggressive ennui.
dipa-enejia,Tom i ave a vile-tempo de dipa-melankoli de-i sige de lin de dipa-enejia ato.,Tom has periods of debilitating depression followed by bursts of manic activity.
dipa-melankoli,Tom i ave a vile-tempo de dipa-melankoli de-i sige de lin de dipa-enejia ato.,Tom has periods of debilitating depression followed by bursts of manic activity.
dire,"se tu i dire go Tom ke si-viro i debe make a ke, mi e sure ke si-viro i go make a si.","If you tell Tom what to do, I'm sure he'll do it."
dire,i dire a si-feme ke man-ale e di.,Tell her that everyone is here.
dire-abuso,viro-paren de Sami i de dire-abuso o mui a si.,Sami's father put him down a lot.
direto,ke man i de direto a kino?,Who directed that film?
divi-man,divi-man a en-fini junta en Kabeile.,The separatists are a marginal group in Kabylie.
dogi,dogi i tose.,Dogs bark.
dona,Tom de-i dona a da labora.,Tom was assigned that task.
dona,tu i debe dona a open-make go Tom i make a da.,You should give Tom a chance to do that.
dona-mala-name,"an si-viro i de dona-mala-name a Abimelech ka fonte, ke si-viro dulo i de ave robare o poten.","And he reproved Abimelech for a well of water, which his servants had taken away by force."
dona-mala-name,"ante tu i dona-mala-name a some, tu i debe kamina a uno-punto-sita-kilo-mita en si sapato.","Before you criticize someone, you should walk a mile in their shoes."
dona-mala-name-man,ale man a dona-mala-name-man.,Everybody's a critic.
dua,mi i dua a tu. mi i ave a mari-feme an kinde.,I beg you. I have a wife and children.
duka,"via penta ano de duka o sela-develo-maladi terapi, si-viro i de fini-make kipa a dereka fase.","Throughout the five years of painful cancer treatments, he managed to keep a stiff upper lip."
duka,mi i ave duka sama mui sama tu.,I've suffered as much as you have.
dulo,"an si-viro i de dona-mala-name a Abimelech ka fonte, ke si-viro dulo i de ave robare o poten.","And he reproved Abimelech for a well of water, which his servants had taken away by force."
duo,di kosa i ave a duo peso.,This thing has two parts.
duo,mi i de mira a di duo man; ale di man.,I saw these two people; all these people.
duo-numa,ten duo a duo-numa.,Twelve is an even number.
duro,joli-man i de labora o duro en en-i esita a junta ante ludi-man i de apara en patio go fini ludi de karera de mano-balo de Delauer tingi-sekola.,The cheerleaders worked hard to fire up the crowd before the players took the court for the final game of the Delaware high school basketball playoffs.
duro,vere duro e ke tu i no savi o ankora ke mi-ale i ave a duro.,The real problem is you don't even know we have a problem.
dusa,mi-ale i no kan lase mori a di fiore. i favo dusa a si.,We can't let these flowers die. Please water them.
e,da e go tu.,That’s for you.
e,manja e Bob.,The food is Bob's.
e,Tom i de dire go mi ke si-viro i de en senti e mini fatiga.,Tom told me he was feeling a bit tired.
e,tu e da ma nulo-senti man ke mi i ave enkonte o ni.,You're the most inconsiderate person I've ever met.
Ebru,tu i pale a Ebru?,Do you speak Hebrew?
edu-evento,edu-evento i de e ke moda?,How was the seminar?
ego-mori,mi i go ade a tu ego-mori.,I shall assist your suicide.
Eire-linga,mi i pale a Eire-linga e kada dia.,I speak Irish every day.
eki,"tu i vole go a eki kon fami, di-dia?",How about going on a family outing to the woods today?
eki,eki i en veni e mui kalori.,It's really getting warm outside.
eki-kapa,si-feme i de eki-kapa o obe-jura a si-ego de si-viro.,She legally emancipated herself from him.
eki-kapa,Tom i de eki-kapa a uno de si-viro dulo.,Tom emancipated one of his slaves.
eki-pota,"ota eki-pota kon jin, liki-metali, atomo-92, natura aero, an, en some ano, eleki.","Other exports include gold, mercury, uranium, natural gas, and - in some years - electricity."
eleki-metodo-uti,di komputa i ave a Pentium eleki-metodo-uti.,This computer has a Pentium processor.
eleti,Tom i eleti a si natura-eleti.,Tom goes with his gut.
elika-poten-pin,i tensa a di elika-poten-pin.,Tighten this screw.
en,animale i en manja.,The animal is eating.
en,joli-man i de labora o duro en en-i esita a junta ante ludi-man i de apara en patio go fini ludi de karera de mano-balo de Delauer tingi-sekola.,The cheerleaders worked hard to fire up the crowd before the players took the court for the final game of the Delaware high school basketball playoffs.
en,mi i kipa en.,I stay in.
en,si-feme i de go en si-feme moto-bike.,She took off on her motorcycle.
en-fini,divi-man a en-fini junta en Kabeile.,The separatists are a marginal group in Kabylie.
en-relate,mi-mui i de en-relate a si-ale.,We adopted them.
en-relate,Tom i de e en-relate.,Tom was adopted.
en-savi,"si-viro i de en-savi a mi ke viva i ke, an mori i sinifi a ke, an rason ke amo e ma poten sama si-duo.","He made me see what Life is, and what Death signifies, and why Love is stronger than both."
en-savi,mi e fule en-savi de tu nulo-vina.,I'm clearly convinced of your innocence.
enejia,sole-luse i make ke mala-eleki-peso en sela i move an enejia e make.,The sunlight makes the electrons in the cells move and energy is produced.
enejia-kaja,enejia-kaja de-i no kon.,Batteries not included.
enkonte,mi-ale i go enkonte e sige-dia?,Are we meeting tomorrow?
enkonte,tu e da ma nulo-senti man ke mi i ave enkonte o ni.,You're the most inconsiderate person I've ever met.
erase-sesi,kemi erase-sesi i kan orijen a sela-develo-maladi.,Chemical castration could cause cancer.
erase-sesi-viro,erase-sesi-viro a erase-sesi viro dulo.,Eunuchs are castrated male slaves.
ereki,i mira a tingi bela feme ke i en ereki e da.,Look at the tall pretty girl standing there.
ero,tu i de veni e mui furi ka si-viro ero go ke rason?,Why did you get so angry at his mistake?
esi,mega ave i no kan esi no kon nulo-jura-neso; mui name i no kan esi no kon mentira.,Great possessions cannot exist without injustice; a multitude of words cannot exist without a lie.
esita,joli-man i de labora o duro en en-i esita a junta ante ludi-man i de apara en patio go fini ludi de karera de mano-balo de Delauer tingi-sekola.,The cheerleaders worked hard to fire up the crowd before the players took the court for the final game of the Delaware high school basketball playoffs.
etudi,en-i etudi a Barbari de-i ave e vere joli go mi.,Studying Berber has been a real joy for me.
etudi,tu i vole etudi o mui a si?,Do you want to study it further?
eve,"di eve, si-viro e en eve labora.",He is on night duty tonight.
evento,"vile de evento, mi no bibe a ani kosa.","During the event, I didn't drink anything."
fara,Tom i viva e fara,Tom lives a long way from here.
farina-monte,mi-ale i de kamina e en farina-monte.,We walked on the dune.
Faser,si-viro i de veka a si-viro fili go Faser dua.,He woke his son up for the fajr prayer.
fava-nuki,da a nata de fava-nuki?,Is that peanut butter?
favo,gato i favo a fiba.,Cats like yarn.
favo,i favo pota a semi botelo de vino go mi.,Please bring me a half-bottle of wine.
feme,mega silen i sede en bete kasa ve so mui de viro an feme i de more enkonte en ota dia.,An impressive silence broods over the monstrous structure where such multitudes of men and women were wont to assemble in other days.
feme,mi i no favo a feme sama da.,I don't like women like that.
feme-kinde,tu a feme-kinde u viro-kinde?,Are you a girl or a boy?
fen,i vaku a fen.,Drain the swamp.
feruta,di feruta e meno ruja sama da.,This fruit is less red than that one.
fete,fete e en dia seven.,The party's on Sunday.
fiba,a no ruja fiba.,There's no red thread.
fide,si-uno i no kan fide a si-feme.,She cannot be trusted.
figura,"se tu a no amigo, tu i ave a figura de amigo e ke rason?","If you are not a friend, why are you friend shaped?"
figura,Tom e en ma bon fisika figura sama mi.,Tom is in better physical shape than I am.
fili,si-viro i de veka a si-viro fili go Faser dua.,He woke his son up for the fajr prayer.
fini,Mary i de muta o fini a si-feme menta.,Mary eventually changed her mind.
fini,Tomi i no kan fini a di labora en uno dia.,Tom can't finish this job in a day.
fini-make,"via penta ano de duka o sela-develo-maladi terapi, si-viro i de fini-make kipa a dereka fase.","Throughout the five years of painful cancer treatments, he managed to keep a stiff upper lip."
fisika,Tom e en ma bon fisika figura sama mi.,Tom is in better physical shape than I am.
fobo,mi i go mira a fobo kino.,I'm going to see a horror film.
fobo-sonjo,ale de di saga e sama sera-fobo fobo-sonjo.,This whole story is like a claustrophobic nightmare.
fogo-monte,fogo-monte i de kabuma.,The volcano erupted.
foli-lan,Pluton i ave a ise foli-lan.,Pluto has ice plains.
fonte,a ke mui vasa e en da fonte?,How much water is there in that well?
fore,"nun, i go e fore.",Now go forward.
foreta,"mi i kamina en foreta, pero si i kipa en.","I walk in the forest, but he stays inside."
fule,mi e fule en-savi de tu nulo-vina.,I'm clearly convinced of your innocence.
fule,Tom i de kuri e fule rapi.,Tom ran at full speed.
furi,"mi e no furi go tu, no ma.",I'm not mad at you anymore.
furi,Julius i punjo o furi a sadi viro-kinde.,Julius angrily beats the rude boy.
gaden,Großer Tiergarten u Tiergarten e mega komun gaden de-i loke en semi de Belin.,The Großer Tiergarten or Tiergarten is a large public park located in the middle of Berlin.
gana,"mebi, Tom i go no gana o ni.",Tom probably won't ever win.
gato,gato i favo a fiba.,Cats like yarn.
gen,si-viro i de gen a si.,He repeated it again.
gen-begin,i mori a mi an den i gen-begin a mi kore,Kill me and then restart my heart.
gen-rondo,i memo go-i gen-rondo.,Remember to recycle.
gene,mi-ale i ave a sama gene.,We have the same genes.
go,"tu i vole go a eki kon fami, di-dia?",How about going on a family outing to the woods today?
go,mega viro i go manja.,The big man will eat.
go,mi i go mira a fobo kino.,I'm going to see a horror film.
go,si mebi kan go.,He might be able to go.
gota,gota i de gota.,Drops dripped.
gule,mi gule i senti e seko.,My throat feels dry.
gun,"Tom i de puse a gun-boton, pero gun i de no gun.","Tom squeezed the trigger, but the gun didn't fire."
i,Mary i de dire ke si-feme i de senti a mare-maladi.,Mary said that she felt seasick.
i,mi i vole sesi a tu.,I want to make love with you.
ia,go-i ia ke tu i dire a da i make ke mi i senti e ma bon.,It makes me feel better to hear you say that.
idea,Jordan Peterson e raro seketa-man ke i base a si idea en mentira mentira-siensa de Carl Jung.,Jordan Peterson is a weird mystic who bases his ideas on the discredited pseudoscience of Carl Jung.
ila,ke man i de deteki a ila?,Who discovered the island?
ila-junta,Nipon a mega ila-junta.,Japan is an enormous archipelago.
imaje,tu i de pone a si-feme imaje e en ke?,Where did you put her picture?
info,"de begin de lati-maladi, mi-ale i ave make a deside de-i base en siensa, info an dalili de guru de sano.","Since the onset of the pandemic, we have made decisions based on science, data and evidence from health experts."
inta,viro-kinde i de sede inta feme-kinde.,The boy sat among the girls.
invite,mi i de no invite a tu.,I didn't ask you out.
ise-lan,navi i de kolidi a ise-lan.,The ship hit an iceberg.
ise-tori,da a ise-tori?,Is that a penguin?
jage,i jage a sino de fungi-veni.,Look for signs of decomposition.
jaketa,da jaketa i de debe kote a rama an noga go tu.,That jacket must've cost you an arm and a leg.
jalan,tu i no kan go a u jalan.,You can’t go either way.
janji,mi i ave janji a Tom ke mi i da go a Australia kon si-viro.,I've promised Tom I'd go to Australia with him.
jeritan,Tom i jeritan o tuju go mi.,Tom always yells at me.
jeti,mi-ale i jeti a oso en base.,We throw the bones onto the floor.
jin,mi i nese a ma jin.,I need more gold.
joli,"nun, Tom e da ma joli man en mundo.",Tom is the happiest person in the world right now.
joli,en-i etudi a Barbari de-i ave e vere joli go mi.,Studying Berber has been a real joy for me.
joli-arapan,tu e joli-arapan?,Are you satisfied?
joli-man,joli-man i de labora o duro en en-i esita a junta ante ludi-man i de apara en patio go fini ludi de karera de mano-balo de Delauer tingi-sekola.,The cheerleaders worked hard to fire up the crowd before the players took the court for the final game of the Delaware high school basketball playoffs.
Josunmau,en-i etudi a Josunmau e duro.,Learning Korean is difficult.
junta,divi-man a en-fini junta en Kabeile.,The separatists are a marginal group in Kabylie.
junta,junta i de ave begin ludi o jusa ven regen i de begin.,The teams had just started to play when it began to rain.
jura-junta,popula i de no aseta a jura-junta.,The people rejected the constitution.
jusa,junta i de ave begin ludi o jusa ven regen i de begin.,The teams had just started to play when it began to rain.
ka,"an si-viro i de dona-mala-name a Abimelech ka fonte, ke si-viro dulo i de ave robare o poten.","And he reproved Abimelech for a well of water, which his servants had taken away by force."
ka,tu i de veni e mui furi ka si-viro ero go ke rason?,Why did you get so angry at his mistake?
kada,kada uno i leje a uno sentense.,Read one sentence each.
kada,mi i pale a Eire-linga e kada dia.,I speak Irish every day.
kafe,Brasil e mui rika; si rika e mui mega; kafe e uno de si o da ma mega rika.,Brazil is very rich; its richness is immense; coffee is one of its greatest riches.
kaja,"medi, vino de kaja e no mui bon.",Boxed wine isn't usually very good.
kaja,tu kaja.,Your box.
kaja-sino,i pone a name en kaja-sino.,Put the word in parentheses.
kali,"en-i open o mui lenta o ade a ventana, si-ale i de arapan-kipa tila kali nube i de ave osura o semi a eve, an den uno de uno i de kamina go mini gaden.","Opening the window very slowly and carefully, they waited until a dark cloud had somewhat obscured the night, and then one by one passed through into the little garden."
kalori-fonte,"safari-man i de en ereki e en rondo de kalori-fonte, en-i superise-gape.","Tourists were standing round the geyser, gawping."
kamera,di a mi kamera.,This is my room.
kamina,"ante tu i dona-mala-name a some, tu i debe kamina a uno-punto-sita-kilo-mita en si sapato.","Before you criticize someone, you should walk a mile in their shoes."
kamina,"en-i open o mui lenta o ade a ventana, si-ale i de arapan-kipa tila kali nube i de ave osura o semi a eve, an den uno de uno i de kamina go mini gaden.","Opening the window very slowly and carefully, they waited until a dark cloud had somewhat obscured the night, and then one by one passed through into the little garden."
kan,mi i ave supose ke solo moda mi i kan make a di e ke Tom i ade a mi.,I've figured out that the only way I can do this is to get Tom to help me.
kan,mi-ale i no kan lase mori a di fiore. i favo dusa a si.,We can't let these flowers die. Please water them.
kanali,kanali e baraje.,The canal is clogged.
kapa,ale demon i de apara e sama tempo go-i kapa a si-ale mudi-make.,The demons came out all at once to capture their prey.
karera,joli-man i de labora o duro en en-i esita a junta ante ludi-man i de apara en patio go fini ludi de karera de mano-balo de Delauer tingi-sekola.,The cheerleaders worked hard to fire up the crowd before the players took the court for the final game of the Delaware high school basketball playoffs.
karo,di karo de-i regula de komputa.,This car is controlled by a computer.
karo,mi i begin rapi a karo.,I start to speed the car.
karo-para,karo-para i de e fule.,Parking was full.
kasa,mega silen i sede en bete kasa ve so mui de viro an feme i de more enkonte en ota dia.,An impressive silence broods over the monstrous structure where such multitudes of men and women were wont to assemble in other days.
kata,Aljeri i debe kata a relate kon Saudi-arabia?,Should Algeria cut its ties with Saudi Arabia?
kave,siensa-man i pensa ke raja-topi-viru i mebi ave veni de kave de vola-muso.,The scientist thinks the coronavirus might have come from a bat cave.
ke,mi i ave a ke si i ave.,I have what she has.
ke,mi i de dire a Tom ke mi i de ave a ajenda.,I told Tom I had plans.
ke,mi vole a keki ke e bon.,I want the cake that is good.
ke,tu e da ma nulo-senti man ke mi i ave enkonte o ni.,You're the most inconsiderate person I've ever met.
ke,tu vole manja afa ke tu aroma a pan?, You want to eat after you smell the bread?
keki,mi vole a keki ke e bon.,I want the cake that is good.
kemi-man,si-feme a kemi-man.,She is a chemist.
keredo,mi i pensa ke tu i no keredo o an a Tom.,I take it you don't believe Tom either.
keredo,tu i keredo en UFO?,Do you believe in UFOs?
kia,Pove e kia duro en Marok.,Poverty is a key issue in Morocco.
kinde,si a pero kinde.,He is but a child.
kinde,tu kinde e no di go ke rason?,Why aren't your children here?
kino,mi i de roga go Mary se si-feme i de vole mira a kino kon mi.,I asked Mary if she wanted to go to a movie with me.
kipa,si-viro i de kipa e longo tempo?,Did he stay long?
kipa,Tom i debe kipa kon Mary.,Tom should stay with Mary.
kite,si i kite a no mui go-e vole.,It leaves nothing much to be desired.
kite,tu i kite a Boston?,Are you leaving Boston?
kolina,mi i de mira a kolina.,I saw the hill.
kolo,no mui kolo.,Not much colour.
komun,Großer Tiergarten u Tiergarten e mega komun gaden de-i loke en semi de Belin.,The Großer Tiergarten or Tiergarten is a large public park located in the middle of Berlin.
kon,"tu i vole go a eki kon fami, di-dia?",How about going on a family outing to the woods today?
kon,Alisa i kon a Bob.,Alice includes Bob.
kon,Tom i debe kipa kon Mary.,Tom should stay with Mary.
konka,Tom i koleki a konka.,Tom collects shells.
kopa-keki,Mary i de make a kopa-keki.,Mary made cupcakes.
kopen,ke man i kopen a di tipo de seni?,Who buys this type of art?
kopen,si i go an i kopen a kavalo.,He goes to buy a horse.
kopen-man,mi i de deteki a kopen-man.,I found a buyer.
kore,mui kore o animale.,Very dear animal.
kosa,"nun, ke kosa e en vende?",What products are currently on sale?
kosa,di kosa e en pasa.,These things belong to the past.
kosina,"de-i kosina sama di, veji i ave a bon aroma.","Cooked like this, the vegetables have a nice aroma."
kosina,Ziri i de joli kosina a da piato.,Ziri enjoyed cooking that dish.
kote,da jaketa i de debe kote a rama an noga go tu.,That jacket must've cost you an arm and a leg.
kova-oko,mi kova-oko i senti e kalori.,My eyelid feels hot.
Kristo-buku,ke man i de note a Kristo-buku?,Who wrote the Bible?
kula,e kula.,It's cool.
kula-foreta,mi i odi a kula-foreta.,I hate the tundra.
kula-lubi,mi i no go an i kula-lubi sama mui sama mi i pasa make.,I don't go skiing as much as I used to.
kula-vali,a san kula kula-vali en Eire.,There are three glacial fjords in Ireland.
kuri,Tom i de kuri e fule rapi.,Tom ran at full speed.
kuri,Ziri i de kuri go baka mun.,Ziri ran to the back door.
labi,Sami i de ave a si diji en si labi an i de roga go Layla ke si i no debe make a sono.,Sami had his finger on his lips and asked Layla not to make a sound.
labora,riva El Harrach i labora sama open tubo-laji.,The El Harrach River functions like an open sewer.
labora,Tomi i no kan fini a di labora en uno dia.,Tom can't finish this job in a day.
labora-man,solo o labora-man memba.,Staff members only.
lada,Ziri i de unda-go a lada e mui ade.,Ziri very carefully descended the stairs.
lagima,"vere, mi i kan make a ale, pero uno-ranko, mi i go lagima.","Of course I can do everything, but first I'm going to cry."
lagima,Mennad i de lagima ka si-viro i de e dire-abuso.,Mennad was crying because he was embarrassed.
lago,a solo uno tipo de pisi en di lago.,There is one kind of fish in this lake.
lago,i vaku a lago.,Drain the lake.
lakoni-note,Yanni i de note a mui lakoni-note de niku-en-feruta en Facebook.,Yanni wrote many articles about figs on Facebook.
lan-figura,mui lan-figura en Mars i apara sama de-i figura de en-i reo vasa.,Many landforms on Mars appear to have been shaped by flowing water.
lan-runguma,Australia a lan-runguma paisa?,Is Australia a landlocked country?
lan-tumo,navi i vela e rondo lan-tumo.,The ship sailed around the cape.
lase,i lase a mi ke mi i make a di e mi jalan.,Let me do this my way.
lase,lase mi-ale go!,Let's go!
lase,mi-ale i no kan lase mori a di fiore. i favo dusa a si.,We can't let these flowers die. Please water them.
lati,riva e lati.,The river is wide.
leje,"dia seven, Tom i leje o solo a buku.",Tom does nothing but read books on Sundays.
leje,kada uno i leje a uno sentense.,Read one sentence each.
lenta,"en-i open o mui lenta o ade a ventana, si-ale i de arapan-kipa tila kali nube i de ave osura o semi a eve, an den uno de uno i de kamina go mini gaden.","Opening the window very slowly and carefully, they waited until a dark cloud had somewhat obscured the night, and then one by one passed through into the little garden."
lenta-unda,Tom i de lenta-unda o sekura.,Tom parachuted to safety.
lida,bon lida e raro.,Good leaders are rare.
lida-feme-paren,tu lida-feme-paren a ke man?,Who is your godmother?
lida-make,mi i go lida-make a si.,I'll take care of it.
lida-make,Tom i go lida-make a da.,Tom is going to take care of that for us.
lida-paren,tu i enkonte a tu lida-paren a ke mui?,How often do you see your godparents?
lida-viro-paren,Tom a mi lida-viro-paren.,Tom is my godfather.
limon,"some de di limon e bon, some e fungi-veni.","Some of these lemons are good, some are rotten."
lin,Tom i ave a vile-tempo de dipa-melankoli de-i sige de lin de dipa-enejia ato.,Tom has periods of debilitating depression followed by bursts of manic activity.
linga,mi i pensa ke Engli-man i mebi veni pasa o ma a etudi-man de linga sama man en ota paisa.,I think that English people might be more used to language learners than people in other countries.
litera,"Mini i uti a litera a, b, d, e, f, g, i, j, k, l, m, n, o, p, r, s, t, u, v.","Mini uses the letters a, b, d, e, f, g, i, j, k, l, m, n, o, p, r, s, t, u, v."
litora,mi i favo a litora.,I like the beach.
loke,Großer Tiergarten u Tiergarten e mega komun gaden de-i loke en semi de Belin.,The Großer Tiergarten or Tiergarten is a large public park located in the middle of Berlin.
loke,mega loke.,Big place.
London,Alisa i viva en London.,Alice lives in London.
longo,si-viro i de kipa e longo tempo?,Did he stay long?
longo-midori-melon,"veji i develo en gaden, sama foli-veji, rondo-foli-vejii, onion, alio, melon, bianka-kera-veji, bianka-rondo-radika-veji, ruja-rondo-radika-veji, kavalo-rondo-radika-veji, roka-antika-gadi, longo-midori-melon an oranje-melon.","Greens and vegetables grow in gardens, such as lettuce, cabbage, onions, garlic, gourd, parsnip, turnip, radish, horse radish, parsley, cucumbers and pumpkin."
longo-ruse,tu lida i en longo-ruse a tu.,Your boss is gaslighting you.
ludi,joli-man i de labora o duro en en-i esita a junta ante ludi-man i de apara en patio go fini ludi de karera de mano-balo de Delauer tingi-sekola.,The cheerleaders worked hard to fire up the crowd before the players took the court for the final game of the Delaware high school basketball playoffs.
ludi,junta i de ave begin ludi o jusa ven regen i de begin.,The teams had just started to play when it began to rain.
ludi-man,joli-man i de labora o duro en en-i esita a junta ante ludi-man i de apara en patio go fini ludi de karera de mano-balo de Delauer tingi-sekola.,The cheerleaders worked hard to fire up the crowd before the players took the court for the final game of the Delaware high school basketball playoffs.
lupo,mi i pensa ke mi-ale i kan kuri e ma rapi sama da lupo.,I think we could outrun those wolves.
luse,mi nu Alfa Romeo open-karo e luse ruja.,My new Alfa Romeo convertible is light red.
ma,mi i pensa ke Engli-man i mebi veni pasa o ma a etudi-man de linga sama man en ota paisa.,I think that English people might be more used to language learners than people in other countries.
ma,si-uno i no nese dire ke vere-fule-neso e da ma bon ajenda.,It goes without saying that honesty is the best policy.
madu,ale man i amo a madu.,Everyone loves honey.
make,si-feme i de no nese make a da labora.,She didn't need to do that work.
make,tu i da paga a ke mui go mi-ale go-i make a da?,How much would you pay us to do that?
mala,"tamen de mala manja, si i kipa go tamen a retorante.","Despite the bad food, he nevertheless keeps going to the restaurant."
mala,tu make a manja e mala.,You make the food bad.
mala-eleki-peso,sole-luse i make ke mala-eleki-peso en sela i move an enejia e make.,The sunlight makes the electrons in the cells move and energy is produced.
mala-feme,si i aroma sama mala-feme en di.,It smells like bitch in here.
man,"nun, Tom e da ma joli man en mundo.",Tom is the happiest person in the world right now.
man,mi i pensa ke Engli-man i mebi veni pasa o ma a etudi-man de linga sama man en ota paisa.,I think that English people might be more used to language learners than people in other countries.
man-ale,i dire a si-feme ke man-ale e di.,Tell her that everyone is here.
manja,mega viro i de manja.,The big man ate.
manja,mi go ave en manja.,I will have been eating.
manja-moda,i muta a tu manja-moda.,Change your diet.
mano-balo,joli-man i de labora o duro en en-i esita a junta ante ludi-man i de apara en patio go fini ludi de karera de mano-balo de Delauer tingi-sekola.,The cheerleaders worked hard to fire up the crowd before the players took the court for the final game of the Delaware high school basketball playoffs.
mare,mare i animale-sono.,The sea roars.
mare-lago,mare-lago e mui dipa.,The lagoon is very deep.
mari-feme,mi i dua a tu. mi i ave a mari-feme an kinde.,I beg you. I have a wife and children.
matura,tu e sufi matura ke tu i kan ade a tu-ego.,You are old enough to take care of yourself.
mebi,Mary i de dire ke si-feme i da no make o mebi a da.,Mary said she probably wouldn't do that.
mebi,universa-viva-siensa a etudi de orijen de viva en tera an mebi de viva en universa.,Astrobiology is the study of life’s origins on Earth and the potential for life in Universe.
mebi-siensa,man e mui mala kon en-i savi a mebi-siensa.,People are very bad at understanding probability.
medi,Tom i de kan viva a ma u meno medi viva afa medika-metodo.,Tom was able to live a more or less normal life after the operation.
mega,mega ave i no kan esi no kon nulo-jura-neso; mui name i no kan esi no kon mentira.,Great possessions cannot exist without injustice; a multitude of words cannot exist without a lie.
mega,mega silen i sede en bete kasa ve so mui de viro an feme i de more enkonte en ota dia.,An impressive silence broods over the monstrous structure where such multitudes of men and women were wont to assemble in other days.
mega-ise-lan,mega-ise-lan i move o lenta.,The glacier moves slowly.
mega-tingi-foli-lan,vento i no enkonte a natura baraje en mega-tingi-foli-lan.,The wind encounters no natural obstacles on the plateau.
meno,Tom i de kan viva a ma u meno medi viva afa medika-metodo.,Tom was able to live a more or less normal life after the operation.
mentira,di a mentira diamante.,This is a fake diamond.
mentira,Tom i de pensa ke Mary i de mentira go si-viro.,Tom thought that Mary was lying to him.
mentira-make,"en da ma meno, i mentira-make ke tu e joli ke tu e di.",At least pretend you're happy to be here.
mentira-make,Mary i de mentira-make no savi ke Tom i de tenta dire a si-feme.,Mary pretended not to understand what Tom was trying to tell her.
mentira-siensa,Jordan Peterson e raro seketa-man ke i base a si idea en mentira mentira-siensa de Carl Jung.,Jordan Peterson is a weird mystic who bases his ideas on the discredited pseudoscience of Carl Jung.
mesura,i dona a mesura go mi.,Give me the coordinates.
mi,mi e no feo?,I’m not ugly?
mi,mi e sama tu.,I am like you.
mi,mi i vole savi a ke i pasa go Tom.,I want to know what happened to Tom.
mi-ale,mi-ale i go enkonte e sige-dia?,Are we meeting tomorrow?
mi-ale,mi-ale i no pensa a da moda.,That's not how we think.
midori-roka,"tu i favo a ke, ruja-roka u midori-roka?","Which do you prefer, ruby or emerald?"
mina-roka,Aljeri i ave a mina-roka vare.,Algeria has mineral resources.
mini,"en-i open o mui lenta o ade a ventana, si-ale i de arapan-kipa tila kali nube i de ave osura o semi a eve, an den uno de uno i de kamina go mini gaden.","Opening the window very slowly and carefully, they waited until a dark cloud had somewhat obscured the night, and then one by one passed through into the little garden."
mini,Tom i de dire go mi ke si-viro i de en senti e mini fatiga.,Tom told me he was feeling a bit tired.
mini-sujo,mini-sujo ke i dona a si ruja kolo go ruja-roka a atomo-24.,The dopant that gives rubies their red color is chromium.
mira,mi i de roga go Mary se si-feme i de vole mira a kino kon mi.,I asked Mary if she wanted to go to a movie with me.
mira,mi i go mira a fobo kino.,I'm going to see a horror film.
moda,"si e no ke ke si-viro i de dire, pero moda ke si-viro i de dire.","It's not what he said, but the way he said it."
moda,mi i ave supose ke solo moda mi i kan make a di e ke Tom i ade a mi.,I've figured out that the only way I can do this is to get Tom to help me.
momen,Yanni i de voka o momen a polisa.,Yanni called the police immediately.
mone,"man, ke ave a mui mone, no vole labora.",A person that has a lot of money does not want to work.
mone-apojo,mone-apojo i ave develo.,Funding has increased.
mone-apojo-junta,inveti mone-apojo-junta i inveti o solo e en morale bisinesa.,This investment fund only invests in ethical companies.
monte,mi i supa-go a monte.,I climb mountains.
more,mega silen i sede en bete kasa ve so mui de viro an feme i de more enkonte en ota dia.,An impressive silence broods over the monstrous structure where such multitudes of men and women were wont to assemble in other days.
mori,"si-viro i de en-savi a mi ke viva i ke, an mori i sinifi a ke, an rason ke amo e ma poten sama si-duo.","He made me see what Life is, and what Death signifies, and why Love is stronger than both."
mori,mi-ale i no kan lase mori a di fiore. i favo dusa a si.,We can't let these flowers die. Please water them.
Mori-ruja-fiore,Higanbana a nipon-linga name go Mori-ruja-fiore.,Higanbana is the Japanese word for the red spider lily.
Mosr,Sami i de move a si go Mosr go some tempo.,Sami ended up moving to Egypt for a while.
moto,tu i kan duka a moto de tu karo se tu i karo kon bajo ole.,You can damage your car’s engine if you drive around with low motor oil.
move,Sami i de move a si go Mosr go some tempo.,Sami ended up moving to Egypt for a while.
move,tu i go ade go mi ke tu i move a di ofisi?,Will you help me move this desk?
mui,da viro-kinde e mui lasi!,How lazy those boys are!
mui,tu i de veni e mui furi ka si-viro ero go ke rason?,Why did you get so angry at his mistake?
mun,"se tu open a mun, mi-ale i go e de-i suko en vaku.","If you open the door, we will be sucked into space."
mun,mi i kan open a da mun go tu.,I can open that door for you.
mundo,nu mundo semi-aje vile-tempo i en veni.,A new worldwide medieval era is coming on.
muta,Mary i de muta o fini a si-feme menta.,Mary eventually changed her mind.
muta-numa,muta-numa i apara sama 1.0.1.,A version number looks like 1.0.1.
muta-uti,"u atomo-58, ke si a impotan materi en rapi-kemi-reaki muta-uti.","Or cerium, which is an important material in catalytic converters."
naga-fobo,Tom i ave a naga-fobo.,Tom suffers from ophidiophobia.
name,mega ave i no kan esi no kon nulo-jura-neso; mui name i no kan esi no kon mentira.,Great possessions cannot exist without injustice; a multitude of words cannot exist without a lie.
name,mi name a feme-kinde a Alisa.,I name the girl Alice.
name-muta,tu i kan name-muta a di ato-name?,Can you conjugate this verb?
nami-sino,nami-sino e an uti en Espaniol.,The tilde is also used in Spanish.
naro-lan,Panama kanali i kata e via Panama naro-lan.,The Panama Canal cuts across the Isthmus of Panama.
naro-vasa,Taiuan naro-vasa i ave a 130 kilo-mita de lati.,The Taiwan Strait is 130 kilometers wide.
nase,"man i ave a uno nase, duo oko, an penta diji en kada mano.","A person has one nose, two eyes, and five fingers on each hand."
natura,"ota eki-pota kon jin, liki-metali, atomo-92, natura aero, an, en some ano, eleki.","Other exports include gold, mercury, uranium, natural gas, and - in some years - electricity."
natura-eleti,Tom i de ave a natura-eleti ke Mary i da no lagima.,Tom had a hunch that Mary wouldn't cry.
nea,mi i no viva e nea di.,I don't live around here.
nese,si-feme i de no nese make a da labora.,She didn't need to do that work.
nese,si-uno i no nese dire ke vere-fule-neso e da ma bon ajenda.,It goes without saying that honesty is the best policy.
ni,si-ale i dire ke i de vole make o ni a da.,They say they never wanted to do that.
ni,si-viro i go make o ni a si?,Will he ever do it?
niku-en-feruta,Yanni i de note a mui lakoni-note de niku-en-feruta en Facebook.,Yanni wrote many articles about figs on Facebook.
no,mi-ale i no kan lase mori a di fiore. i favo dusa a si.,We can't let these flowers die. Please water them.
no,Tom i da no favo a Australia.,Tom wouldn't like Australia.
no-ave-a,Tom i no savi a ota inta ave-a an no-ave-a ato-name.,Tom doesn't understand the difference between transitive and intransitive verbs.
no-duo-numa,si a no-duo-numa.,It's an odd number.
no-man,no-man i de apojo a si-feme.,Nobody supported her.
no-metali,"atomo-1, atomo-6, atomo-7, atomo-15, otomo-8, atomo-16 and atomo-34 a no-metali.","Hydrogen, carbon, nitrogen, phosphorus, oxygen, sulfur and selenium are nonmetals."
no-paren,si-feme i de a no-paren ke i de lose a si paren en kolidi de avion.,She was an orphan who lost her parents in a plane crash.
noga,da jaketa i de debe kote a rama an noga go tu.,That jacket must've cost you an arm and a leg.
note,si-viro i de note a buku ke i dona-mala-name a Aljeri.,He wrote a book criticizing Algeria.
note,Yanni i de note a mui lakoni-note de niku-en-feruta en Facebook.,Yanni wrote many articles about figs on Facebook.
note-pape,Tom i de baka-dona a si note-pape en si teta poke.,Tom put his pad back into his breast pocket.
note-sino,tu i kan an a note-sino.,You can add tags.
nu,mi nu Alfa Romeo open-karo e luse ruja.,My new Alfa Romeo convertible is light red.
nu,nu mundo semi-aje vile-tempo i en veni.,A new worldwide medieval era is coming on.
nube,"en-i open o mui lenta o ade a ventana, si-ale i de arapan-kipa tila kali nube i de ave osura o semi a eve, an den uno de uno i de kamina go mini gaden.","Opening the window very slowly and carefully, they waited until a dark cloud had somewhat obscured the night, and then one by one passed through into the little garden."
nulo-fide,Vera i de odi a Sergey ka si-viro i de nulo-fide go si-viro mari-feme.,Vera looked down on Sergey because he was cheating on his wife.
nulo-jura-neso,mega ave i no kan esi no kon nulo-jura-neso; mui name i no kan esi no kon mentira.,Great possessions cannot exist without injustice; a multitude of words cannot exist without a lie.
nulo-kipa-tenden-neso,mi-ale i no vole a nulo-kipa-tenden-neso en Aljeri.,We don't want instability in Algeria.
nulo-senti,tu e da ma nulo-senti man ke mi i ave enkonte o ni.,You're the most inconsiderate person I've ever met.
nulo-sori,Alberto i de e mui bata an nulo-sori.,Alberto was very combative and unapologetic.
numa-sino,Instagram i de ruina a numa-sino.,Instagram ruined hashtags.
o,joli-man i de labora o duro en en-i esita a junta ante ludi-man i de apara en patio go fini ludi de karera de mano-balo de Delauer tingi-sekola.,The cheerleaders worked hard to fire up the crowd before the players took the court for the final game of the Delaware high school basketball playoffs.
o,mi i begin o rapi a karo.,I start the car quickly.
o,viro-paren de Sami i de dire-abuso o mui a si.,Sami's father put him down a lot.
odi,Mary i de no savi a rason ke Tom i de odi a si-feme.,Mary didn't know why Tom hated her.
odi,Vera i de odi a Sergey ka si-viro i de nulo-fide go si-viro mari-feme.,Vera looked down on Sergey because he was cheating on his wife.
open,"en-i open o mui lenta o ade a ventana, si-ale i de arapan-kipa tila kali nube i de ave osura o semi a eve, an den uno de uno i de kamina go mini gaden.","Opening the window very slowly and carefully, they waited until a dark cloud had somewhat obscured the night, and then one by one passed through into the little garden."
open,riva El Harrach i labora sama open tubo-laji.,The El Harrach River functions like an open sewer.
open-karo,mi nu Alfa Romeo open-karo e luse ruja.,My new Alfa Romeo convertible is light red.
open-make,tu i debe dona a open-make go Tom i make a da.,You should give Tom a chance to do that.
orijen,universa-viva-siensa a etudi de orijen de viva en tera an mebi de viva en universa.,Astrobiology is the study of life’s origins on Earth and the potential for life in Universe.
oso,mi-ale i jeti a oso en base.,We throw the bones onto the floor.
osura,"en-i open o mui lenta o ade a ventana, si-ale i de arapan-kipa tila kali nube i de ave osura o semi a eve, an den uno de uno i de kamina go mini gaden.","Opening the window very slowly and carefully, they waited until a dark cloud had somewhat obscured the night, and then one by one passed through into the little garden."
ota,"nun, Tom e sama ota man.",Tom is like a different person now.
ota,"ota eki-pota kon jin, liki-metali, atomo-92, natura aero, an, en some ano, eleki.","Other exports include gold, mercury, uranium, natural gas, and - in some years - electricity."
padon,"go-i ero, e man. go-i padon, e deo.","To err is human, to forgive divine."
paga,tu i da paga a ke mui go mi-ale go-i make a da?,How much would you pay us to do that?
pale,mi i pale a Eire-linga e kada dia.,I speak Irish every day.
pale,mi-ale i go pale kon Tom.,We'll have to have a talk with Tom.
pale-man,pale-man e ujana.,The speaker is young.
pan,da pan e da ma bon.,That bread is the best.
pan,tu i no manja a ale pan.,You didn't eat all the bread.
Panama,Sami i viva en Panama.,Sami lives in Panama.
para,i para mala-name.,Stop cursing.
para,ke i para a tu?,What's stopping you?
pasa,mi i no go an i kula-lubi sama mui sama mi i pasa make.,I don't go skiing as much as I used to.
pasa,mi i pensa ke Engli-man i mebi veni pasa o ma a etudi-man de linga sama man en ota paisa.,I think that English people might be more used to language learners than people in other countries.
pasa,mi pasa savi a feme.,I used to know the woman.
patio,joli-man i de labora o duro en en-i esita a junta ante ludi-man i de apara en patio go fini ludi de karera de mano-balo de Delauer tingi-sekola.,The cheerleaders worked hard to fire up the crowd before the players took the court for the final game of the Delaware high school basketball playoffs.
pensa,mi i no pensa ke Tom i savi a rason ke Mary e fobo.,I don't think Tom knows why Mary is afraid.
pensa,Tom an Mary i de dire go mi-ale ke si-ale i de pensa ke si-ale i da gana.,Tom and Mary told us they thought they'd win.
penta,"via penta ano de duka o sela-develo-maladi terapi, si-viro i de fini-make kipa a dereka fase.","Throughout the five years of painful cancer treatments, he managed to keep a stiff upper lip."
pero,"mi i go ade a tu, pero mi i go no ade a Tom.","I will help you, but I won't help Tom."
pero,"Tom i de puse a gun-boton, pero gun i de no gun.","Tom squeezed the trigger, but the gun didn't fire."
peso,bodi de man i ave a mui peso.,People’s bodies have many parts.
pile,tu i vole a some pile kon tu whiskey?,You want some pills with your whiskey?
pisi,"en some loke, a mui pisi.",In some places there are lots of fish.
pisi,si i apara sama sama tipo de pisi. pero si e no sama. si a ota tipo.,It looks like the same kind of fish. But it’s not. It’s another kind.
polo,si-feme i de kopen a polo.,She bought chicken.
pone,si-viro i de pone a si-viro bibe.,He put down his drink.
pone,tu i de pone a si-feme imaje e en ke?,Where did you put her picture?
Popula-regula-gove republika de kongo,Popula-regula-gove republika de kongo i eki-pota a atomo-27.,The DRC exports cobalt.
pota,i favo pota a semi botelo de vino go mi.,Please bring me a half-bottle of wine.
poten,"si-viro i de en-savi a mi ke viva i ke, an mori i sinifi a ke, an rason ke amo e ma poten sama si-duo.","He made me see what Life is, and what Death signifies, and why Love is stronger than both."
poten,go-i go o poten a ke no man i ave go ante.,To boldly go where no man has gone before.
poten-pin,i dona a ma poten-pin go mi.,Give me another nail.
puko,di a mini puko.,This is a small knife.
punjo,Julius i punjo o furi a sadi viro-kinde.,Julius angrily beats the rude boy.
pura,i pura a si.,Clean it.
puse,"Tom i de puse a gun-boton, pero gun i de no gun.","Tom squeezed the trigger, but the gun didn't fire."
radi-uti,si-viro i vende a radi-uti.,He sells radios.
rama,da jaketa i de debe kote a rama an noga go tu.,That jacket must've cost you an arm and a leg.
rapi,si kipa pale rapi.,She keeps talking quickly.
rapi,Tom i de e mui o ma rapi sama Mary en en-i make a da.,Tom was much quicker at doing that than Mary was.
rapi-kemi-reaki,"u atomo-58, ke si a impotan materi en rapi-kemi-reaki muta-uti.","Or cerium, which is an important material in catalytic converters."
raro,Jordan Peterson e raro seketa-man ke i base a si idea en mentira mentira-siensa de Carl Jung.,Jordan Peterson is a weird mystic who bases his ideas on the discredited pseudoscience of Carl Jung.
raro-fase,Peter Jackman i de erase a si denta en 2000 go-i fasile a fara raro-fase.,Peter Jackman had his teeth removed in 2000 to facilitate extreme gurning.
raro-tera-atomo,"raro-tera-atomo a junta de 17 metali atomo, sama atomo-60, atomo-63 an atomo-66.","Rare earth elements are a set of 17 metallic elements, such as neodymium, europium, and dysprosium."
rason,"si-viro i de en-savi a mi ke viva i ke, an mori i sinifi a ke, an rason ke amo e ma poten sama si-duo.","He made me see what Life is, and what Death signifies, and why Love is stronger than both."
rason,mi i no pensa ke Tom i savi a rason ke Mary e fobo.,I don't think Tom knows why Mary is afraid.
reaki,Tom i de no reaki o ni.,Tom never wrote me back.
redi,mi i de dimenti redi a siren go sekola.,I forgot to set the alarm for school.
regen,junta i de ave begin ludi o jusa ven regen i de begin.,The teams had just started to play when it began to rain.
regula,di karo de-i regula de komputa.,This car is controlled by a computer.
regula-feme,Mary a regula-feme.,Mary is a dominatrix.
relate,Aljeri i debe kata a relate kon Saudi-arabia?,Should Algeria cut its ties with Saudi Arabia?
renta,banka i de renta a 500 dolar go si.,The bank loaned him 500 dollars.
repare,mi i kan repare a si.,I can fix him.
resi,si debe resi.,She should rest.
resi,si i vole resi?,Does he want to sleep?
retorante,Alisa i go a retorante.,Alice goes to the restaurant.
rika,Brasil e mui rika; si rika e mui mega; kafe e uno de si o da ma mega rika.,Brazil is very rich; its richness is immense; coffee is one of its greatest riches.
risiti,mesaje de-i risiti.,Message received.
riva,riva El Harrach i labora sama open tubo-laji.,The El Harrach River functions like an open sewer.
riva-kavalo,riva-kavalo i favo a vasa.,Hippopotamuses love water.
robare,"an si-viro i de dona-mala-name a Abimelech ka fonte, ke si-viro dulo i de ave robare o poten.","And he reproved Abimelech for a well of water, which his servants had taken away by force."
roga,mi i de roga go Mary se si-feme i de vole mira a kino kon mi.,I asked Mary if she wanted to go to a movie with me.
roga,Sami i de ave a si diji en si labi an i de roga go Layla ke si i no debe make a sono.,Sami had his finger on his lips and asked Layla not to make a sound.
ruina,i no ruina a mi sitema.,Don't mess up my system.
ruja-roka,"tu i favo a ke, ruja-roka u midori-roka?","Which do you prefer, ruby or emerald?"
saara,e saara.,It's deserted.
saara-lago,Tera a mi-ale saara-lago.,Earth is our oasis.
sadi,Julius i punjo o furi a sadi viro-kinde.,Julius angrily beats the rude boy.
saga-man,tu a mui bon saga-man.,You're a very good storyteller.
sake,Tom i de bibe a san sake.,Tom drank three cocktails.
saliva,mi i saliva en tu!,I spit on thee!
salu,"salu, gen","Hello, again."
sama,ale demon i de apara e sama tempo go-i kapa a si-ale mudi-make.,The demons came out all at once to capture their prey.
sama,mi e sama mega sama tu.,I am as big as you.
sama,mi i no favo a feme sama da.,I don't like women like that.
san,di vela navi i ave a san ade-kolun.,This sailing ship has three masts.
san,si i dona a san.,They give three.
sano,si-viro i go veni sano e mui sun?,He will get well very soon.
savi,mi i no savi a ale ke tu i make.,I don't know everything you do.
savi,tu i go kan savi o sure e ke se tu i de roga o ni?,How could you know for certain if you never asked?
Sbaria,"fo kemi atomo, atomo-39, atomo-68, atomo-65 an atomo-70, e name en onore go vila Ytterby en Sbaria.","Four chemical elements, yttrium, erbium, terbium, and ytterbium, are named after the village of Ytterby in Sweden."
se,"se mi i kan go, mi i da go.","If I could go, I would."
se,tu i go kan savi o sure e ke se tu i de roga o ni?,How could you know for certain if you never asked?
sede,mega silen i sede en bete kasa ve so mui de viro an feme i de more enkonte en ota dia.,An impressive silence broods over the monstrous structure where such multitudes of men and women were wont to assemble in other days.
sede,viro-kinde i de sede inta feme-kinde.,The boy sat among the girls.
sela,sole-luse i make ke mala-eleki-peso en sela i move an enejia e make.,The sunlight makes the electrons in the cells move and energy is produced.
semi,"en-i open o mui lenta o ade a ventana, si-ale i de arapan-kipa tila kali nube i de ave osura o semi a eve, an den uno de uno i de kamina go mini gaden.","Opening the window very slowly and carefully, they waited until a dark cloud had somewhat obscured the night, and then one by one passed through into the little garden."
semi,Tom i de aseta o solo a semi liabili.,Tom only accepted partial responsibility.
semi-aje,nu mundo semi-aje vile-tempo i en veni.,A new worldwide medieval era is coming on.
semi-ila,Italia a semi-ila.,Italy is a peninsula.
senta-eve,si-viro i de veni en senta-eve.,He arrived at midnight.
senti,i lase a mi ke mi i dire go tu ke mi i senti o vere e ke.,Let me tell you how I really feel.
senti,Tom i de dire go mi ke si-viro i de en senti e mini fatiga.,Tom told me he was feeling a bit tired.
sento-ano-ovo,Jo i favo a sento-ano-ovo.,Jo likes century eggs.
Serbia,mi-mui i viva en Serbia.,We live in Serbia.
seri,mi i an a si a mi seri.,I add it to my list.
sesi,mi i vole sesi a tu.,I want to make love with you.
sesi-ego,sesi-ego e medi?,Is masturbation normal?
si,mi i dia a si sama 1730.,I date it as 1730.
si,Tom i de bibe a si kafe.,Tom sipped his coffee.
si-ale,si-ale i dire ke i de vole make o ni a da.,They say they never wanted to do that.
si-ale,Tom an Mary i de dire ke si-ale i da e di.,Tom and Mary said they would be here.
si-feme,i dire a si-feme ke man-ale e di.,Tell her that everyone is here.
si-feme,Mary i de dire ke si-feme i da no make o mebi a da.,Mary said she probably wouldn't do that.
si-uno,si-uno i no kan fide a si-feme.,She cannot be trusted.
si-uno,si-uno i no nese dire ke vere-fule-neso e da ma bon ajenda.,It goes without saying that honesty is the best policy.
si-viro,"si-viro i de en-savi a mi ke viva i ke, an mori i sinifi a ke, an rason ke amo e ma poten sama si-duo.","He made me see what Life is, and what Death signifies, and why Love is stronger than both."
si-viro,Tom i dire ke si-viro i ave dire o ni a mentira.,Tom claims that he's never told a lie.
sige,Tom i ave a vile-tempo de dipa-melankoli de-i sige de lin de dipa-enejia ato.,Tom has periods of debilitating depression followed by bursts of manic activity.
sige,tu e sige.,You are next.
Sikago,mi i kan gana a Sikago karera se mi i uben e sufi duro.,I could win the Chicago Marathon if I train hard enough.
silen,mega silen i sede en bete kasa ve so mui de viro an feme i de more enkonte en ota dia.,An impressive silence broods over the monstrous structure where such multitudes of men and women were wont to assemble in other days.
silen,Tom i de kipa e silen vile da-ma-impotan-manja.,Tom remained silent during dinner.
Sina,bon-veni go Sina!,Welcome to China!
sinifi,"si-viro i de en-savi a mi ke viva i ke, an mori i sinifi a ke, an rason ke amo e ma poten sama si-duo.","He made me see what Life is, and what Death signifies, and why Love is stronger than both."
sino,i jage a sino de fungi-veni.,Look for signs of decomposition.
siren,mi i de dimenti redi a siren go sekola.,I forgot to set the alarm for school.
siti-senta,Sami i de kamina go siti-senta.,Sami walked downtown.
sivi-neso,Tom i ave a duo sivi-neso.,Tom has dual citizenship.
so,"Mennad e so nulo-sekura, ankora.",Mennad is still so insecure.
so,mega silen i sede en bete kasa ve so mui de viro an feme i de more enkonte en ota dia.,An impressive silence broods over the monstrous structure where such multitudes of men and women were wont to assemble in other days.
sole-luse,sole-luse i make ke mala-eleki-peso en sela i move an enejia e make.,The sunlight makes the electrons in the cells move and energy is produced.
solo,Tom an mi i de e no solo man ke i de via-viva.,Tom and I weren't the only ones who survived.
solo,Tom i de aseta o solo a semi liabili.,Tom only accepted partial responsibility.
some,Sami i de move a si go Mosr go some tempo.,Sami ended up moving to Egypt for a while.
some,tu i da favo amo-enkonte e some tempo?,Would you like to go out sometime?
some-kosa,mi i de make a some-kosa seketa.,I did something mysterious.
some-kosa,mi i de no arapan a some-kosa sama da.,I did not expect something like that.
some-si-uno,tu i kan voka a some-si-uno go-i pota a mi sako go supa?,Could you have someone carry my bag upstairs?
some-tempo,"some-tempo, mala kosa i pasa go bon man.",Sometimes bad things happen to good people.
su,mi labora i veni e su duro.,My work becomes too hard.
su,Tom e su antika ke si i no kan make a da.,Tom is already too old to do that.
subita-lan,"ota paso, an tu i go unda e en subita-lan.","Another step, and you will fall down the precipice."
sufi,si-feme e sufi bela.,She's beautiful enough.
sufi,tu e sufi matura ke tu i kan ade a tu-ego.,You are old enough to take care of yourself.
sujesi,tu i da sujesi a ke go Tom?,What would you recommend to Tom?
Sumatra,Sumatra a ila.,Sumatra is an island.
sumete,ke man i de sumete?,Who surrendered?
supa-ato,i no e supa-ato.,Don't be condescending.
supose,mi i ave supose ke solo moda mi i kan make a di e ke Tom i ade a mi.,I've figured out that the only way I can do this is to get Tom to help me.
supose,mi i de supose ke Tom i de savi a ke mi-ale i de en pale.,I assumed that Tom understood what we were talking about.
sure,"se tu i dire go Tom ke si-viro i debe make a ke, mi e sure ke si-viro i go make a si.","If you tell Tom what to do, I'm sure he'll do it."
sure,tu i go kan savi o sure e ke se tu i de roga o ni?,How could you know for certain if you never asked?
tamen,"mi-ale debe kipa di, tamen.","We should stay here, however."
tamen,"tamen si i go mori, si deside open a loka.","Although s/he will die, s/he decides to open the lock."
tea,tu i vole a kafe u tea?,Do you want coffee or tea?
tempo,"pasa tempo ke mi i de go a litora, mi de-i mui sole-fogo.","The last time I went to the beach, I got badly sunburned."
tempo,ale demon i de apara e sama tempo go-i kapa a si-ale mudi-make.,The demons came out all at once to capture their prey.
ten,i numa go ten.,Count to ten.
tenta,Mary i de mentira-make no savi ke Tom i de tenta dire a si-feme.,Mary pretended not to understand what Tom was trying to tell her.
tenta,si-viro i de tenta no pensa o no ma a si-feme.,He made an effort not to think about her any more.
tera,universa-viva-siensa a etudi de orijen de viva en tera an mebi de viva en universa.,Astrobiology is the study of life’s origins on Earth and the potential for life in Universe.
tera-vibe,ke i orijen a tera-vibe?,What causes earthquakes?
teta,Tom i de baka-dona a si note-pape en si teta poke.,Tom put his pad back into his breast pocket.
tila,"en-i open o mui lenta o ade a ventana, si-ale i de arapan-kipa tila kali nube i de ave osura o semi a eve, an den uno de uno i de kamina go mini gaden.","Opening the window very slowly and carefully, they waited until a dark cloud had somewhat obscured the night, and then one by one passed through into the little garden."
tingi,i mira a tingi bela feme ke i en ereki e da.,Look at the tall pretty girl standing there.
tingi-foli-lan,lenta-unda fogo en-i veni e de tingi-foli-lan.,Parachute fire coming over the mesa.
tingi-tingi-sekola,"Mario i de kan ave go a ani tingi-tingi-sekola ke si-viro i de vole, pero si-viro i de eleti UConn ka si viro-paren i de go a da.","Mario could have gone to any college he wanted, but he chose UConn because that’s where his dad went."
tipo,ke man i kopen a di tipo de seni?,Who buys this type of art?
toma,mi i toma a kosa go tu.,I take the thing to you.
toma,some man i de toma a si. mi i no savi a ke man.,Someone took it. I don’t know who.
tori,a mui tipo de tori.,There are many kinds of birds.
tu,mi i arapan ke tu i go ave a bon afa-semi-dia.,I hope you have a good afternoon.
tu,tu a feme-kinde u viro-kinde?,Are you a girl or a boy?
tuerk,Layla i de en tuerk a si pigu.,Layla was twerking her ass.
tuju,Tom i jeritan o tuju go mi.,Tom always yells at me.
tumba,gen-viva de no-mori bete i de kon-pasa kon ruina de si tumba.,The revival of the undead beast coincided with the destruction of his tomb.
u,Großer Tiergarten u Tiergarten e mega komun gaden de-i loke en semi de Belin.,The Großer Tiergarten or Tiergarten is a large public park located in the middle of Berlin.
u,Tom i de kan viva a ma u meno medi viva afa medika-metodo.,Tom was able to live a more or less normal life after the operation.
ubuntu,"da a da ma ubuntu puni go ofensa-man, no?",Isn't that the most humane punishment for criminals?
unda,"animale, en-e mega su, i unda.","The animal, being too large, falls."
unda,"kalori-ke-mui e unda nulo, di-dia.",The temperature is below zero today.
unda-go,Ziri i de unda-go a lada e mui ade.,Ziri very carefully descended the stairs.
unda-go-vasa,i mira a da unda-go-vasa!,Look at that waterfall!
unda-meno,"si-ale i limi a si-ale-ego go solo litera, numa, unda-meno an punto go ke rason?","Why limit themselves to only letters, numbers, underscore and punctum?"
uno,Brasil e mui rika; si rika e mui mega; kafe e uno de si o da ma mega rika.,Brazil is very rich; its richness is immense; coffee is one of its greatest riches.
uno,Tom i de veni en dia-1 an i de baka-go e uno dia afa.,Tom came on Monday and went back the day after.
uno-punto-sita-kilo-mita,"ante tu i dona-mala-name a some, tu i debe kamina a uno-punto-sita-kilo-mita en si sapato.","Before you criticize someone, you should walk a mile in their shoes."
uti,tu i vole uti a ke kosa?,Which thing do you want to use?
vakansa-navi,vakansa-navi en-i dive.,The cruise ship is sinking.
vakili-name,tu vakili-name a ke?,What are your pronouns?
vakili-umile,mi i senti a vakili-umile.,I feel proxyshame.
vaku-man,vaku-man i kan mira a najima ka si ventana i en punto eki de Tera.,The spaceman can see the star because his window is pointing away from Earth.
vali,kali i de kova o ankora a vali.,Darkness still covered the valley.
vasa,a vasa.,There is water.
vasa,e vasa.,It’s wet.
vasa-foreta,si-ale i de go e en a vasa-foreta.,They entered the jungle.
vasa-retili,vasa-retili i kan mori a man.,Crocodiles can kill people.
ve,mega silen i sede en bete kasa ve so mui de viro an feme i de more enkonte en ota dia.,An impressive silence broods over the monstrous structure where such multitudes of men and women were wont to assemble in other days.
veji,"en-i no vasa a veji, a mala kosa.",Not watering the plants is a bad thing.
veji,"veji i develo en gaden, sama foli-veji, rondo-foli-vejii, onion, alio, melon, bianka-kera-veji, bianka-rondo-radika-veji, ruja-rondo-radika-veji, kavalo-rondo-radika-veji, roka-antika-gadi, longo-midori-melon an oranje-melon.","Greens and vegetables grow in gardens, such as lettuce, cabbage, onions, garlic, gourd, parsnip, turnip, radish, horse radish, parsley, cucumbers and pumpkin."
veka,si-viro i de veka a si-viro fili go Faser dua.,He woke his son up for the fajr prayer.
ven,"salu! ven tu i ave a ma tempo, i veni an ludi!","Goodbye! When you have more time, come back and play!"
ven,junta i de ave begin ludi o jusa ven regen i de begin.,The teams had just started to play when it began to rain.
vende,sesi i vende.,Sex sells.
vende-man,"an, a vende-man ke i apojo a Linux.",There are also vendors who support Linux.
veni,"de nun, tu i go veni e tu ego.","From here on out, you'll be on your own."
veni,"mi i go veni e di sige-dia, mi i pensa.","I'll be here tomorrow, I think."
veni,mini viro i go veni a mega viro.,The small man will be a big man.
vere,en-i etudi a Barbari de-i ave e vere joli go mi.,Studying Berber has been a real joy for me.
vere,vere duro e ke tu i no savi o ankora ke mi-ale i ave a duro.,The real problem is you don't even know we have a problem.
vere-fule-neso,si-uno i no nese dire ke vere-fule-neso e da ma bon ajenda.,It goes without saying that honesty is the best policy.
veta,da ke veta i de go make i de e no apara.,It wasn't obvious what the weather was going to do.
via,"via penta ano de duka o sela-develo-maladi terapi, si-viro i de fini-make kipa a dereka fase.","Throughout the five years of painful cancer treatments, he managed to keep a stiff upper lip."
via-relate,"via via-relate kalite, tu i de pipi en si-viro boka.",By the transitive property you peed in his mouth.
via-vari-eleki-uti,inventi de via-vari-eleki-uti i de begin a nu aje.,The invention of the transistor introduced a new era.
vila,si-feme vila e en kolina.,Her villa sits on the hill.
vile,"vile tu open a loka, mi toma a mi fini nafasa.","While you open the lock, I take my last breath."
vile,Tom i de kipa e silen vile da-ma-impotan-manja.,Tom remained silent during dinner.
vile-tempo,nu mundo semi-aje vile-tempo i en veni.,A new worldwide medieval era is coming on.
vile-tempo,Tom i ave a vile-tempo de dipa-melankoli de-i sige de lin de dipa-enejia ato.,Tom has periods of debilitating depression followed by bursts of manic activity.
vina-moda,dona-mala-name-man i go dire ke ale de di a vina-moda.,The critics will say this is all whataboutism.
vino,"medi, vino de kaja e no mui bon.",Boxed wine isn't usually very good.
vino,i favo pota a semi botelo de vino go mi.,Please bring me a half-bottle of wine.
viro,mega silen i sede en bete kasa ve so mui de viro an feme i de more enkonte en ota dia.,An impressive silence broods over the monstrous structure where such multitudes of men and women were wont to assemble in other days.
viro,mega viro i manja.,The big man eats.
viro-kinde,da viro-kinde e mui lasi!,How lazy those boys are!
viro-kinde,viro-kinde i de sede inta feme-kinde.,The boy sat among the girls.
viro-paren,si-viro viro-paren i de aseta a mi ajenda anti si-viro vole.,His father consented to my plan against his will.
viro-paren,viro-paren de Sami i de dire-abuso o mui a si.,Sami's father put him down a lot.
viva,mi i no viva e nea di.,I don't live around here.
viva,Tom i de kan viva a ma u meno medi viva afa medika-metodo.,Tom was able to live a more or less normal life after the operation.
voka,tu i ave voka o deja a sano-karo?,Have you already called an ambulance?
voka,Yanni i de voka o momen a polisa.,Yanni called the police immediately.
vole,mi i no vole a ma ronko-dire.,I don't want any more complaining.
vole,tu i vole etudi o mui a si?,Do you want to study it further?
vori,mi e mui vori de di tema.,I'm very concerned about these matters.
