word;meaning
a;introduces direct object & nominal complement
abuso;abuse, violate, rape, assault, abusive
ade-kolun;spar (ship), mast
ade-man;helper, assistant, auxiliary (person)
ade;aid, care, concern, help, care for
adere-imaje;sticker, decal
adere;adhere, stick, cling, sticky, glue
adio;bye, farewell (prefer 'salu')
Aegiptos;Egypt (see 'Mosr')
aeji;shield, armor
aero-kula;air-con, air con, air conditioner machine
aero-loka;airlock
aero-mini-peso;particulate (atmospheric)
aero-pota;airport
aero-veni;rust
aero;air, atmosphere, gas
Aetiopia;Ethiopia
afa-semi-dia;afternoon
afa;after
Afganistan;Afghanistan
afoga;drown, submerge, a drowning
Afrika;Africa
agila;eagle, hawk, a bird of prey
Aisopo;Aesop (greek fabulist)
aje;age, to age, eon, aged
ajenda;program, agenda, plan, computer program
ake-filoso;fascism
ake;ax, axe, hatchet, machete, to chop
akonto-man;accountant
akonto-siensa;accounting
akonto;account, ledger, report, to recount
akuse;accuse, accusation, charge (legal)
akuta;sharp, acute, keen
Alarbia;Arabic (language)
ale-en-i-savi;omniscient
ale-litera;alphabet
ale-sesi;pansexual
ale;all, everything
alien;foreign, alien
alio;garlic
Aljeri;Algeria, People's Democratic Republic of Algeria
Amerika;America
amidala;almond, tonsil, amygdala
amigo;friend, acquaintance, befriend, friendly
amo-enkonte;to have a date, to go out on a date
amo-man;darling
amo-senti;pat, caress, pet, stroke (lovingly)
amo;love, dear
amuse;amuse, entertain, fun, entertainment
an-ma;etcetera
an-sino;ampersand, and sign, &
an;and, also, add
Anak;Anak (place, hebrew bible, person) (not to be confused with 'Enak')
Andalusia;Andalucía
Angola;Angola
Angugo;Korean (language) (see 'Josunmau')
ani-loke;anywhere
ani;any (determiner), whichever, anyone
anima;soul, spirit
animale-fobo;zoophobia
animale-medika-kasa;veterinary (place), animal hospital
animale-medika-man;veterinarian
animale-medika;veterinary medicine
animale-sela;pen (for animals), corral, enclosure (for animals)
animale;animal
anjo;angel, angelic
ankora;yet, even, still
ano;year, annual
ansio-fiba;nerve
ansio;anxious, anxiety, nervous
Antartika;Antarctica
ante-nese;prerequisite
ante-nun-aje;premodern, pre-modern
ante;before
anti-ora-uti-direto;counterclockwise, anticlockwise
anti-sinifi;antonymous, antonym
anti-tempo-tolera;impatience
anti;against, anti-, opposite, opposing, oppose
antika-gadi;celery
antika;old, to age, antique, ancient
anunsi;announce, announcement, declare, declaration
apara;seem, appear, apparent, obvious, appearance
apojo-kan;sustainable
apojo;support, backing, advocacy, backup, bolster
ara-fobo;spheksophobia, apiphobia, melissophobia
ara;bee, hornet, wasp
Aragon;Aragón
arana-fobo;arachnophobia
arana;spider, arachnid
arapan-kipa;await
arapan;hope, wait for, expectation, wish
area;area, region, zone, domain, extent, size
Argentina;Argentina
Armenia;Armenia
aro;arrow, dart
aroma;smell, taste
aseta;accept, consent, agree, agreement, accord, pact
Asia;Asia
asido;acid, sour, acidic, vinegar
asilu;asylum, refuge, shelter
Asturias;Asturias
atira;attract, attraction, temptation
Atlas-luna-pisi;Selene setapinnis, Atlantic moonfish
Atlas-mare;Atlantic Ocean
ato-begin;trigger, activate, start up, set off, initiate, turn on
ato-fini;deactivate, turn off
ato-name;verb
ato;act, performance, behavior, behaviour, active
atomo-1;hydrogen
atomo-2;helium
atomo-3;lithium
atomo-4;beryllium
atomo-5;boron
atomo-6;carbon (see 'kabon')
atomo-7;nitrogen
atomo-8;oxygen
atomo-9;fluorine
atomo-10;neon
atomo-11;sodium
atomo-12;magnesium
atomo-13;aluminum, aluminium
atomo-14;silicon
atomo-15;phosphorus
atomo-16;sulfur
atomo-17;chlorine
atomo-18;argon
atomo-19;potassium
atomo-20;calcium
atomo-21;scandium
atomo-22;titanium
atomo-23;vanadium
atomo-24;chromium
atomo-25;manganese
atomo-26;iron (see 'fero')
atomo-27;cobalt
atomo-28;nickel
atomo-29;copper (see 'kopere')
atomo-30;zinc
atomo-31;gallium
atomo-32;germanium
atomo-33;arsenic
atomo-34;selenium
atomo-35;bromine
atomo-36;krypton
atomo-37;rubidium
atomo-38;strontium
atomo-39;yttrium
atomo-40;zirconium
atomo-41;niobium
atomo-42;molybdenum
atomo-43;technetium
atomo-44;ruthenium
atomo-45;rhodium
atomo-46;palladium
atomo-47;silver (see 'silara')
atomo-48;cadmium
atomo-49;indium
atomo-50;tin (see 'tin')
atomo-51;antimony
atomo-52;tellurium
atomo-53;iodine
atomo-54;xenon
atomo-55;cesium
atomo-56;barium
atomo-57;lanthanum
atomo-58;cerium
atomo-59;praseodymium
atomo-60;neodymium
atomo-61;promethium
atomo-62;samarium
atomo-63;europium
atomo-64;gadolinium
atomo-65;terbium
atomo-66;dysprosium
atomo-67;holmium
atomo-68;erbium
atomo-69;thulium
atomo-70;ytterbium
atomo-71;lutetium
atomo-72;hafnium
atomo-73;tantalum
atomo-74;tungsten
atomo-75;rhenium
atomo-76;osmium
atomo-77;iridium
atomo-78;platinum
atomo-79;gold (see 'jin')
atomo-80;mercury (see 'liki-metali')
atomo-81;thallium
atomo-82;lead
atomo-83;bismuth
atomo-84;polonium
atomo-85;astatine
atomo-86;radon
atomo-87;francium
atomo-88;radium
atomo-89;actinium
atomo-90;thorium
atomo-91;protactinium
atomo-92;uranium
atomo-93;neptunium
atomo-94;plutonium
atomo-95;americium
atomo-96;curium
atomo-97;berkelium
atomo-98;californium
atomo-99;einsteinium
atomo-100;fermium
atomo-101;mendelevium
atomo-102;nobelium
atomo-103;lawrencium
atomo-104;rutherfordium
atomo-105;dubnium
atomo-106;seaborgium
atomo-107;bohrium
atomo-108;hassium
atomo-109;meitnerium
atomo-110;darmstadtium
atomo-111;roentgenium
atomo-112;copernicium
atomo-113;nihonium
atomo-114;flerovium
atomo-115;moscovium
atomo-116;livermorium
atomo-117;tennessine
atomo-118;oganesson
atomo-radi;radioactive
atomo;atom, atomic
Ausa;Hausa (people, language)
Australia;Australia
ave;have, possession, marks perfect tense
ave-a;transitive (grammar) (not to be confused with 'via-relate')
avion;airplane
aviso;attention, warn, caution, warning, alert, notification
Azeri;Azerbaijan
ba;eight, 8
bagaje;luggage, baggage, gear, personal effects, to lug
bai;bay, golf, cove
bajo-fura;anus
bajo;low, short (height)
baka-dona;return (something), give back
baka-go;return (movement), go back
baka-pale-tori;mockingbird
baka-pale;mock
baka-rampa-sino;backslash, escape sign, reverse slash, backslant, reverse slant, \
baka;back (body + adv), rear side, backward, behind
balansa;balance, equilibrium, a scale, balanced, fair
balena;whale, dolphin, porpoise, cetacean
balo;ball, a spherical object, roll
balon;balloon
balu;bear (animal)
banana;banana
banda;band, strip, ribbon, tape, stripe
bandera;flag, banner
Bangla;Bengali, Bangla
Banglades;Bangladesh
banka;bank, bench, river bank, financial institution
bano;bath, bathe
baraje;barrage, dam, block, impede, obstruct, hinder
Barbari;Berber (languages, people), Tamazight, Amazigh (languages, people), Imazighen
bari;weight, weigh, heavy
Barselona;Barcelona
basara;market, bazaar, fair, to shop
base;base, foundation, ground, floor, basis, fundamental
basilo-fobo;mysophobia, verminophobia, germophobia, germaphobia, bacillophobia, bacteriophobia
basilo;bacteria, bacillus, germ, microbe
Bask-lan;Basque Country, Euskadi, País Vasco, Basque Autonomous Community
bata;beat, fight, battle
batisa;dip, dunk, immerse, baptise, baptism
baton;stick, rod
bebe;baby
begin;start, initial, beginning
bela;beautiful, beauty, beautify
beli;stomach, belly, abdomen
Belin-muro;Berlin Wall
Belin;Berlin (Germany)
benda;bend, curve, flex
bene;benefit, advantage, perk, beneficial
bensin;fuel, gasoline, benzene
beri;berry, grape, olive
beso;kiss
besonde;special, especially, particular, exceptional
bete;monster, beast, beastly
beton;cement, concrete, pave
Bianka-kasa;White House (place)
bianka-kera-veji;parsnip
bianka-rondo-radika-veji;turnip
bianka;white
bibe;drink
biju;jewel, gem, jewelry
bike;bicycle
biko;beak, to peck, spout
bileta;ticket, a pass, bill, banknote
bira;beer, ale
bisi;hurry, rush, haste, busy
bisinesa-man;businessman, business person
bisinesa;business, company, negotiate, conduct business
bitume;tar, pitch, bitumen
boba;bubble, boil
bodi-peso;organ (body)
bodi;body
bogen;arch, vault, bow (weapon)
boka;mouth
bola;bowl
boli;glass, crystal, a transparent material
bomba;bomb
bon-aroma;tasty, pleasant smell
bon-eleki-peso;proton (atom)
bon-neso;goodness
bon-veni;welcome (see 'en-salu')
bon;good
bore;boring, bore, tedium
boroda;beard, facial hair
Boston;Boston
botega;shop, store, boutique
botelo;bottle
boton-taba;keyboard
boton;button, pressbutton, knob, stud
bovi-siren;cowbell
bovi;cow, bovine, steer, ox, bison, buffalo
Brasil;Brazil
Britan;Britain, UK, United Kingdom
buku;book
bulu;blue
buo-navi;hovercraft
buo;float, buoy, buoyant, a float
butero;butter, buttery
da-ma-bon-labora;magnum opus
da-ma-impotan-manja;dinner, supper
da-ma-impotan;main
da-ma;majority (amount)
da-meno;minority (amount)
da;that, there, would
dalili;evidence, proof, demonstration, testimony
danja;danger, dangerous
danke;thanks, to thank, thankful
Danmak;Denmark, Danmark
dansa;dance
dare;dare, daring, bold, brave, to challenge
de;from, of, about, by, out of, made of, marks past tense
Deanmingu;South Korea, Republic of Korea, ROK, south koreans
debate;argue, debate, dispute, argument
debe;should, obligation
debile;weak, weakness, feeble
defende;defend, guard, protect, protection, defense
degu;disgust, disgusting, revulsion, sicken, gore
deja;already, by now/then
dekora;decorate, ornamentation, adorn, fancy
Delauer;Delaware
deluje-fobo;antlophobia
deluje;flood, torrent, inundate, overwhelm, overwhelming
demo;demonstration, indicate, show
demon;devil, demon, diabolical
den;then, in that case
denta-materi;ivory
denta-medika-fobo;dentophobia
denta-medika-man;dentist
denta;tooth, teeth, bite
deo;god, divine
dereka;right (direction + moral + legal), straight, orthodox (prefer 'dereko', 'reka')
dereko;correct, just, right (moral), human right
deside;decide, decision, adjudicate, resolve, settle
desini-evento;example
desini;design, sketch, blueprint, pattern
detali;detail, detailed, meticulous
deteki;detect, find, notice, discovery, discovery
develo-ruja-feruta;tomato
develo;develop, grow, growth, development
di-dia;today (see 'nun-dia')
di;this, here
dia-1;monday
dia-2;tuesday
dia-3;wednesday
dia-4;thursday
dia-5;friday
dia-6;saturday
dia-7;sunday
dia;day, date
diamante;diamond, adamant
difuse;spread, diffuse, diffusion
dijesi;digest, digestion
diji;finger, toe, digit
dika;fat, thick
dimenti-neso;forgiveness
dimenti;forget, forgive
dinosoro;dinosaur
dipa-bore;ennui
dipa-enejia;manic, mania
dipa-etudi;analysis
dipa-melankoli;depression (mood disorder)
dipa;deep, depth, profound
dire-abuso;humiliate
dire;say, tell, utter, recite, utterance, saying
direto;direction, orientation, guidance, course, direct, advice, advise
disipa;waste (use without good purpose), squander
dive;dive, plunge, submerge, sink
divi-man;separatist
divi;divide, split, division, separate
dogi-fobo;cynophobia
dogi;dog
Dolar;dollar, dollars
domo;home, domestic, reside, domesticate
dona-duka;attack, assault
dona-mala-name-man;critic (person)
dona-mala-name;criticize, criticise, condemn
dona;give, gift
doragon;dragon
dua;request, ask, prayer, invocation, plea, petition
dubi;doubt
duka-sige;persecution, witch hunt, harry
duka;suffer, pain, suffering, hurt, painful
dulo;slave, servant, serf, enslave
duo-numa;even (number)
Duo-rama-atlas-luna-pisi;Selene vomer
duo-ranko-go-fini;second to last, the one before the last one
duo-sesi;bisexual
duo;two, 2
duro-mone;coin, to mint coins
duro-safari;trek, arduous journey
duro-sujesi;insist
duro;hard, difficult, problem
dusa;shower, to shower, downpour
e;introduces adjectival & adverbial complement
Ebru;Hebrew
edu-man;teacher
edu;teach, educate, education, educated
efeto;effect, result, to effect, effective
egala;equal, equality, equation, equally
ego-ereki;independence
ego-man;owner
ego-mori;suicide
ego-sama-manja;autosarcophagy, self-cannibalism, autocannibalism
ego-seketa-pubili;dox, doxx, doxing, doxxing (prefer 'peribadi-pubili')
ego-seketa;private, privacy (prefer 'peribadi')
ego;self, own (adj)
Eire-linga;Irish (language)
Eire;Ireland, Éire, Airlann (see 'Ire-lan')
eki-kapa;emancipation
eki-mun;exit
eki-pota;export
eki;out, ex-, away, external
eko;echo, reflection
ekonomi;economy, economic, thrifty
Elas;Greece, Hellenic Republic (see 'Gris')
elasi;spring, coil, elastic, springy
elefante;elephant
Elefen;Elefen, Lingua Franca Nova
eleki-loke;website (see 'neto-foli', 'neto-loke')
eleki-metodo-uti;processor, processing unit, CPU
eleki-ventana;screen (electronic)
eleki;electric, electricity
eleti;elect, election, select, choose, selection
elika-poten-pin;screw, bolt
elika;helix, curl, twist, curly, spiral, coil, propeller, at sign, @
emo-name;interjection
emo;emotion, emotional, passionate, emote
en-fini;marginal
en-move;immigration
en-mun;entrance
en-pota;import
en-relate;adopt, adoption, adopted
en-salu;welcome (see 'bon-veni')
en-savi;convince, persuade, make someone else understand
en;in, at, on, marks progressive tense
Enak;ʿAnāq (not to be confused with 'Anak')
enejia;energy, energize, energetic
enemi;enemy, nemesis
Eng-lan;England
Engli;English (language, nationality)
enigema;puzzle, enigma, riddle
enkonte;meet, encounter, meeting
entero;intestines, bowel, entrails, gut
envi;envy, jealous
environ;environment, habitat, ambient, milieu
epigo;emergency, urgent, to urge, press for
erase-sesi-viro;eunuch
erase-sesi;desex, desexualize, castrate
erase;erase, erasure, remove, wipe away
ereki;to stand, upright, erect, straight
ero;error, mistake, err
esamin;exam, test, interview, examination, investigation
esato;exact, precise, precision, exactly, methodical
ese;east
esi;exist, existence, existent
esita;excite, excited
Espania;España, Spain
Espaniol;Spanish (language), Español
Etana;Etana
etudi;learn, study, research
Europa;Europe
Euskara;Basque (language), Euskara (language), Basque Country, Euskadi, País Vasco, Basque Autonomous Community
eve;evening, night
evento;event, case (instance), occurence
Everest;Everest, Mount Everest (see 'Jomoglanma', 'Santi-feme-paren-monte')
evita;avoid, dodge, shun, avoidance
fama;fame, famous, glory
fami;family, relative
famine;hungry, hunger, famine
Fanse;French (language)
fantome;ghost, spirit, phantom
fara-leke-makina;teleprompter, autocue
fara;far, distance, remote, extreme
farina;flour, dust, a granulated substance, sand, grind
fase;face, to face someone
Faser;Fajr (prayer, place)
fasile;easy, ease, simple, straightforward
fata;fate, destiny
fatiga;tire, tired
fatoria;factory, mill, plant
fava-nuki;Arachis hypogaea, peanut
fava;bean, legume, pea, lentil
favo;favor, like, favorite, please
fekun;fertile, fecund, fertilizer, productive
feme-amigo;girlfriend
Feme-dia;Woman's day, International Women's Day
feme-fobo;gynophobia
feme-kinde;girl
feme-paren;mother
feme-viro;femboy
feme;woman, female
fen;fen, swamp, bog, marsh
fense;fence, barrier, partition, hedge, fence off
feo;ugly
feri;fairy, sprite, pixie
fero;iron, steel (see 'atomo-26')
feruta;fruit, bear fruit
fete;party, celebrate
fevere;fever, feverish
fiba;fiber, string, thread, wire, ply, roughage, strand
fide;faith, to trust, loyal
figado;liver
figura;figure, form, shape, structure, statue, figurine
filete;steak, fillet, to fillet
fili;son, daughter
Filipinas;Philippines, Pilipinas, Las Islas Filipinas
Filipino;Filipino, Wikang Filipino
filoso;philosophy, philosophical, philosophize
Fin-lan;Finland, Suomi
fini-make;achieve, accomplish, complete doing (something)
fini-piato;dessert, afters
fini-semana;weekend
fini;finish, final, end
fiore-fobo;anthophobia
fiore;flower
fisika;physics, physical, physique
fisu;crack, fissure, cracked
fo;four, 4
fobo-sonjo;nightmare
fobo;fear, horror, fearful, scary
fogo-monte;volcano
fogo-tori;phoenix
fogo;fire, hot, burn
foli-lan;plain (geographic), flatland
foli-nase;flat nose
foli-veji;lettuce
foli;sheet, leaf, flat, flatten, page
foma;foam, froth, suds, mousse, lather
fon-fobo;nomophobia
fon;phone
fonte;fountain, spring, well
fore-pedi;forefeet, forefoot, frontal feet of a quadruped
fore;front, forehead, forward
foreta;forest, woods
fosi;dig, bury
Frans;France, Francia
fuji;flee, escape, run away
fule-bela;elegant, elegance
fule;full, to fill, whole
fume;smoke
fungi-fobo;mycophobia
fungi-veni;decompose, rot, spoil, putresce
fungi;fungus, mold, mildew
fura-fobo;trypophobia
fura;hole, gap, aperture, to drill, bore
furi;anger, angry
fusi;pour, fuse, melt, fusion
gaden;garden, a park, recreation area
gadi;grass, herb, lawn
Galisia;Galicia, Galiza
gama;gram (SI)
Gana-imperi;Ghana Empire, Wagadou, Awkar (not to be confused with 'Gana')
Gana;Ghana (not to be confused with 'Gana-imperi')
gana;win, gain, victory, earn, earnings, profit, prize
gape;yawn, gape
garaje;garage
gare;station, depot
gato-fobo;ailurophobia
gato;cat, feline, catty
geko;lizard
gen-begin;restart
gen-eleti;reelection
gen-gen-sono;clatter, clack, rattle
gen-rondo;recycle, recycling
gen-viva;revive
gen;again, repeat, repetition, re-
gene;inherit, inheritance, genetic, gene
gera;war
germania-fobo;anti-Germanism, germanophobia, teutophobia
Germania-linga;German (language), Deutsch
Germania;Germany, Deutschland
giga;billion
gitara;guitar, lute, a strummed instrument
go;to, go, towards, for, marks future tense
gomba;mushroom
gota;drop, bead, blob, spot, drip
gove-ajenda;policy
gove-lida-make;prefecture
gove-padon;amnesty
gove-pale-mudi;diplomatic mission, embassy
gove-pale;diplomacy, diplomat
gove;government, govern
Gris;Greece, Hellenic Republic  (see 'Elas')
Guanga;Mandarin Chinese
gule;throat, gullet
gun-boton;trigger (firearm)
gun;gun, rifle, shoot
guru;teacher, expert (prefer 'edu-man'), priest, guru
i;introduces verb
ia;hear, listen (see 'mimi')
idea-sinti;inspire
idea;idea, concept, conceptual, ideate
Ifel-tore;Eiffel Tower
igi-man;carpenter
igi;tree, wood
Ila Balea;Balearic Islands, Baleares
Ila Kanario;Canary Islands, Canarias
ila;island
imaje-kapa;camera
imaje;image, picture
Imalea;Himalaya, Himalayas
imperi;command, imperative, rule, empire, imperial
impotan-labora;masterpiece, masterwork
impotan;important, importance, to matter
Indi;Hindi (language)
India-mare;Indian Ocean
India;India, Bharat
Indonesia-linga;Indonesian, Bahasa indonesia
Indonesia;Indonesia
induseri;industry, industrial
infero;hell, to damn, hellish
infiniti-vole;greed
infiniti;infinity, infinite
info;information, inform, informative
inja;wound, injure, injury
inseto-fobo;entomophobia
inseto-siensa-man;entomologist
inseto-siensa;entomology
inseto;insect, bug, pest (see 'iritate')
inta-neto;internet
inta;between, inter-
inteli;smart, intelligence
interesa;interest, interesting
inventi-man;inventor
inventi;invent, invention, inventive
inveti-banka-man;investment banker
inveti;invest, investment
invite;invite, invitation
Irak;Iraq
Iran;Iran, Persia
Ire-lan;Ireland, Éire, Airlann (see 'Eire')
iritate;irritate, bother, pester, annoyance
ironi;irony, ironic, sarcasm
Ise-lan;Iceland
ise-nata;ice cream
ise-tori;penguin
ise;ice, freeze
Italia-linga;Italian (language)
Italia;Italy, Italia
ja;yes, definitely, certainly
jage;search, hunt, pursuit, seek, quest
jaketa;jacket, coat
jalan;path, way, road
janji;promise, vow, pledge, swear
Japan;Japan (prefer 'Nipon')
jara;jar, pitcher, jug, carafe, mug, beaker
jari;shrub, bush
jeli;gel, goop, jelly, blob, paste, mush
jemelo;twin
Jemen;Yemen
jenti;polite, gentle, gracious, courteous
jeo;prison, jail, imprison
jeritan;yell, scream, shout, exclaim
Jesu-nati;Christmas
Jesu-veni;Easter
Jesu;Jesus (christianity)
jeti;throw, shot, shoot, hit
jin;gold, golden (see 'atomo-79')
jira-unda-go;fall rolling, tumble down, fall suddenly and without grace
jira;turn, gyrate, spin, whirl
joke;joke, jest
joli-arapan;satisfy, pleased (with some result)
joli-man;cheerleader
joli-neso;hapiness, pleasure
joli;happy, joy, frolic, enjoy
Jomoglanma;Qomolangma, Chomolungma (Mount Everest) (see 'Santi-feme-paren-monte', 'Everest')
Josun;North Korea, Democratic People's Republic of Korea, DPRK
Josunmau;Korean (language) (see 'Angugo')
Jouo;Javanese (language), basa Jawa
Juda-relijon;Judaism
jue;cheek, jowl
jumpa;jump, bounce, leap, hop, skip, bounce
junta-labora;teamwork, coordination
junta;join, group, together
Jupiter;Jupiter, Iuppiter
jura-deside-kasa;court of law, court, tribunal
jura-man;lawyer
jura-neso;justice
jura-tovari;chaperone, chaperon
jura;law, rule, instruction
jusa;just (adv), very recently, to have just, recent
jusi;juice, juicy
ka;because
Kabeile;Kabylia, Kabyle (language, people, place)
kabinete;cabinet, hutch, wardrobe
kabon;carbon, coal (see 'atomo-6')
kabuma-oko;pop eye, pop-eyed
kabuma;explode, explosion, blast, detonate, pop
kada;each, respectively
kadena;chain, fetters
kadi;card, placard, cardboard, charter
kafe;coffee, cafe
kaja-sino;brackets, parentheses, (), [], {}, ⟨⟩ (see 'rondo-kaja-sino', 'kare-kaja-sino', 'nami-kaja-sino', 'kona-kaja-sino')
kaja;box
kaje;cage, ribcage
kaka-fura;anus
kaka-ropa;diaper
kaka;feces, shit, poop
kakao;chocolate
kalenda;calendar, schedule, timetable
kali-fobo;nyctophobia
kali;dark, black
Kalifornia;California
kalite;quality, property, to attribute, feature, trait, -ness
kalori-fobo;thermophobia
kalori-mui-ke;temperature
kalori;heat, hot, calorie
kama;bed
kambio;exchange, trade, barter
kamera;chamber, room, partition, hall
kamina-man;pedestrian
kamina-neso;walkability
kamina;walk, ambulate, stroll, hike
kamisa;shirt
kampo;field, camp, to camp, countryside, meadow, rural
kan;can, may, able, ability, skill
Kanada;Canada
kanali;canal, channel, gutter, moat
kanario-tori;canary (bird), Serinus canaria, Crithagra flaviventris
kanda;shoulder, shrug
kandela;candle
kanela;cinnamon
kanon;cannon, artillery, gun barrel
Kanon;Canon (music, place, surname, religion)
kansera;crab
Kantabria;Cantabria
kanti-man;singer
kanti;sing, song, tune, melody
kapa;capture, catch, seize, grasp, captive, grab, get hold of
kapo-sentense;title (text), heading, header (text)
kapo-siti;capital (geography)
kapo;head, main
kare-kaja-sino;square brackets, []
kare;square, plaza
karera-man;contestant, player, participant, challenger
karera;race, competition, compete
karo-para;parking, park (a vehicle)
karo;car, vehicle, drive
kasa;house, building
Kasastan;Kazakhstan, Qazaqstan
kasele;castle, fortress
kasi;almost
Kastila an Leon;Castile and Leon, Castilla y León, Castiella y Llión, Castela e León (see 'Kastila-Leon')
Kastila-Leon;Castile and Leon, Castilla y León, Castiella y Llión, Castela e León (see 'Kastila an Leon')
Kastila-Mansa;Castile La Mancha, Castilla–La Mancha
kata-igi-man;woodman, woodsman
kata;cut, incision, slice, chop
Katalan;Catalonia, Catalunya, Catalonha, Cataluña, Catalan (language), Català, Valencià, Valencian
katana;sword
kavalo-fobo;equinophobia
kavalo-kavalo;mule
kavalo-rondo-radika-veji;horseradish, horse radish
kavalo;horse, donkey, mule
kave;cave, cavern
ke;what, that, introduce dependant clause
keju;cheese
keki;cake
kelabu;gray, grey
kemi-man;chemist
kemi;chemical, drug
Kenia;Kenya
kera;horn (animal + instrument), spike
kerami;ceramic, pottery, china, terracota, clay pot
keredo;believe, belief, creed
Kerusa-relijon;Catholicism
kerusa;cross, intersect, intersection, crucifix
kia;key, unlock
kilo-ano;millennium
kilo-gama;Kg, kilogram
kilo;thousand, 1000
kinde-gaden;kindergarten
kinde;child
kino;film, movie, cinema, to film
kipa-tenden-neso;stability
kipa;keep, stay, remain, remainder, reserve, stockpile
Kipro;Cyprus
kirikiti;cricket, grasshopper, locust
kite;leave, quit, abandon, exit
koda;tail, coda
kode;code, cipher, program code
koleki;collect, collection, gather
kolenka;knee
kolidi;crash, collision, collide
kolina;hill
kolo-rondo;rainbow
kolo;color, colour, colorful
Kolombia;Colombia
koloni;colony, colonial, colonize
kolun;column, pillar, pole, spine
koma;clause, comma
komedi;comedy, humor, funny
kompare;compare, comparison
komputa;computer, compute
komun-dire-fobo;glossophobia
komun;community, communal, public
kon-pasa;coincide, concur, simultaneous
kon;with, include
kona-kaja-sino;angle brackets, chevrons, ⟨⟩
kona;corner, angle
konditi;condition, state
konfi;comfortable, comfort, cozy
konfuse;confusion, confuse, confusing, perplex
Kongo;Congo (people, place, kingdom, language), Kikongo, Republic of the Congo, Congo-Brazzaville (not to be confused with 'Popula-regula-gove republika de kongo', 'Popula republika de kongo')
konka;shell
kono;cone
konsiense;conscience, awareness, conscious, consciousness
kopa-keki;cupcake, fairy cake
kopa;cup, drinking vessel, chalice
kopen-man;shopper, purchaser, customer, buyer, client
kopen;buy, a purchase
kopere;copper (see 'atomo-29')
kore;heart
Korea;Korea (region), Joseon, Hanguk (not to be confused with 'Deanmingu', 'Josun')
koredora;hall, corridor
koreo;mail, letter, post
kosa-reo;transit
kosa;thing, stuff
kosina;kitchen, to cook
kote;cost, price, to cost
koton;cotton
kova-oko;eyelid
kova;cover, covering, conceal, blanket, cloak, shawl
Kristo-buku;Bible
Kristo-relijon;Christianity (religion)
kubita;elbow, nudge, cubit
kubo;brick, cube, block
kujara;spoon
kula-lubi;ski
kula;cool, cold
kulutura;culture, cultural
kuneli;rabbit, hare, bunny
Kuontonuua;Cantonese
kuretina;curtain, drape, screen, blinds
kuri;run, sprint, jog
kusin;cousin
kuve;tub, barrel, vat, tank
labi;lip, rim, brim
labora-man;employee, worker
labora-safari;commute, travel from or to work
labora;work, labor, hard-working, job
lada;ladder, escalator, stairs, steps
lado-mira;side-eye, side eye, side-look
lado;side, adjacent, next to
lagima;tears, to cry
lago;lake, loch, pond
laji;trash, garbage, waste, to throw away
lakoni-note;article, nonfiction short text
lakoni;short (length), curt, brief
lampa;lamp
Lan de-i uno de amerika;United States of America, USA
lan-runguma;landlock, landlocked
lan;land, territory, domain, state
lana;wool
Lanka;Sri Lanka
lase;let, allow, license, permission, licit, marks hortative mood
lasi;lazy, indolence, inactivity
lati-maladi;plague, epidemic
lati;wide, broad, width, latitude
Latin;Latin, lingua Latīna
lava;wash
leje-man;reader
leje;read, a reading, well-read
lense;lens, eyeglasses, magnifying glass
lenta;slow, slowly
leon;lion, tiger, panther, a big cat
leva-sole;sunrise, dawn, daybreak
leva;level, elevate, rise (see 'supa-go')
levi;left (direction)
liabili;responsible, liable, liability, responsibility
libera;freedom, free, liberate
lida-feme-paren;godmother
lida-make;manage, take care of (an issue), deal with
lida-ofisi;headquarters, main offices
lida-paren;godparent, godfather, godmother, guideparent
lida-viro-paren;godfather
lida;lead, leader, direct, guide
liga;tie, bind, knot, league, link, connection, bond
liki-metali;mercury (see 'atomo-80')
liki-salo;sauce, gravy
liki;liquid, liquify, fluid
lila;purple, lilac
limako;snail, slug, a mollusk
limi;limit, limited, restriction, boundary, border
limon;lemon, lime, citrus
limpe;limp, flaccid, floppy, to limp, lax
lin;flash, lightning, bolt
line;line
linga-name;vocabulary
linga-regula;grammar (see 'name-jura')
linga;tongue, lick, language
lipo-patata;fries, chips, french fries, finger chips
lipo;fat, fatty, grease, fatten, to fry
lisa;fox
lita;liter (SI)
litera;letter, literature, character, to spell, literary
Litora-de-denta-materi;Ivory Coast, Côte d'Ivoire, République de Côte d'Ivoire
litora;shore, beach, coast, littoral
loji;logic, logical
loka;lock, to lock, latch, bolt, clasp
loke;location, locate, place
loko;crazy, mad, insane, madden
London;London
longo-midori-melon;cucumber
longo-name-fobo;hippopotomonstrosesquipedaliophobia, hippopotomonstrosesquippedaliophobia
longo-pisi;eel (animal)
longo-ruse;gaslight, gaslighting
longo;long, length, longitude
Losban;Lojban, la .lojban., lo jbobau
lose;lose, loss, failure, fail
lubi;slip, slide, slippery, glide
ludi-man;player (game)
ludi-neso;leisure
ludi;game, play
lujo;luxury, luxurious, opulence, fancy
luki;fortune, luck, lucky
Luksemburg;Luxembourg, Luxemburg
lulu;pearl
luna;moon
lunge;lungs
lupo;wolf
luse;light
ma-sama-sino;more-than sign, more than sign, >
ma;more
Madrid;Madrid
madu;honey
mageneti;magnet, magnetic
maisa;corn
Maja;Maya (civilizations, language, religion, place)
maji-feme;witch
maji-man;wizard, witch, sorcerer, mage, magician, conjurer, enchanter
maji-name;incantation, conjuration
maji-viro;wizard
maji;magic, magical, conjure
Majorka;Mallorca, Majorca
make-linga;constructed language, conlang
make-man;author
make-memo;remind
make;make, do, create
makina;machine, apparatus
mala-eleki-peso;electron (atom)
mala-name;curse, swear
mala-pasa;misfortune, hardship, adversity, hard times
mala-tira;misfire
mala;bad, wrong
maladi-man;sick person, patient
maladi-sino;symptom
maladi;malady, sickness, ill
Maleisia;Malaysia (country) (not to be confused with 'Malesia')
Malesia;Malesia (place, moth) (not to be confused with 'Maleisia')
maleta;hammer, mallet
Malta;Malta
man-ale;everybody, everyone
man-mui-fobo;enochlophobia
man-mui;crowd, horde, mob
man;person, human
mandiba;jaw, mandible
manja-moda;diet
manja;food, eat
manka;mark, stain, blemish, spot
mano-balo;basketball
mano-buku;hand book, handbook, manual, guidebook, instruction book
mano-jeti-mesura-uti;clap-o-meter, clapometer, applause meter, applaud-o-meter
mano-jeti;applaud, applause
mano;hand
mapa;map, chart
Marati;Marathi, मराठी
mare-fobo;thalassophobia
mare-maladi;seasick (see 'vomi-maladi')
mare-man;seaman, seafaring person, sailor
mare;ocean, sea, marine
mari-feme;wife
mari-fobo;gamophobia
mari-man;spouse, wife, husband, married person
mari-viro;husband
mari;marry, marriage
Marok;Morocco
maron;brown
masa;mass, pile, heap, to amass, massive
masala;spice, curry, spiced
matemati;math, mathematical
maten;morning
materi;matter, material, substance
matura;mature, ripe, adult
mebi;maybe, possibility
medi-savi;common sense
medi;average, medium, normal, usual, standard, norm
media;media, communication, press
medika-man-fobo;iatrophobia
medika-man;doctor
medika-metodo;operation (medical), surgery
medika;medicine, medicinal
Mega Britan;Great Britain
mega-basara;supermarket
mega-fobo;megalophobia
mega-komputa;server (computer)
mega-sono;loud
mega;big, great, large, million, 1000000
Mehiko;México, Mexico (prefer 'Meksiko')
Meksiko;México, Mexico (see 'Mehiko')
melanje-bibe;potion, elixir, tonic
melanje;mixture, mix
melankoli-arapan;disappointed, unsatisfied (with some result), fail to fulfill
melankoli;sad, melancholy, mourn
Melilia;Melilla
melon;melon, gourd, pumpkin
memba;member, adherent
Memo-dia;Memorial Day, Remembrance Day, Poppy Day
memo;memory, remember
menase;threat, menace, menacing, threaten
meno-sama-sino;less-than sign, less than sign, <
meno-vori;reassure, reassurance
meno;less (comparison), fewer, minus, hyphen, dash (-)
menta;mind, mental
mentira-keredo;delusion, delusional
mentira-make;pretend, deceive
mentira-siensa;pseudoscience
mentira;lie, false, deceive, deception, fake
menu;menu
merite;deserve, merit, -worthy
Merkurius;Mercury, Mercurius
mesa-man;waiter, server (job), bartender
mesa;table
mesaje;message, notification, notify
mesura;measure, measurement, size (clothing), dimension
metali;metal, metallic
metodo;method, procedure, technique, means, methodical
mi-ale;we (includes addressee)
mi-ego;myself
mi-mui;we (excludes addressee)
mi;first person, I
Mianma;Myanmar, Burma, Republic of the Union of Myanmar
midori-roka;emerald
midori;green
milita-move;invasion, invade, raid, incursion
milita;military, army
mime;mimic, copy, imitation
mimi;ear (see 'ia')
mina-roka;mineral, ore
mina;mine (place + action)
mini-bela;cute (see 'suga-bela')
mini-keki;cookie, biscuit
mini-moda;minimalism, minimalistic
mini-peso;bit, small piece, particle
mini-sujo;dopant
mini-viva-fiba;fibril (biology)
mini;small, little
minute;minute
mira-fobo;scopophobia
mira;see, look, watch, sight
misi;miss, absent, lack, fail to reach/hit/notice
mita;meter, metric
mobili;furniture
moda;mode, way, fashion, mood
mogi;fly, gnat, mosquito
moloko;milk, milky
momen-reaki;reflex (body)
momen;moment, instant, instantaneous, immediate
monato;month, monthly
mone-fobo;plutophobia
mone-regula;capitalism
mone;money
monki;monkey, gorilla, chimpanzee
monte;mountain, hill, bump, protrusion, protrude, bumpy
morale;moral, morality, moralize, morale, virtue
more;custom, habit, customary, tradition, traditional
mori-rite;funeral
Mori-ruja-fiore;Lycoris radiata, red spider lily, corpse flower, higanbana
mori;death, die, dead, kill
Moritan;Mauritania
Mosr;Egypt (see 'Aegiptos')
moto-bike;motorcycle, motorbike
moto;motor, engine
move-imaje-ludi;video game, videogame (prefer 'video-ludi')
move-imaje;video (prefer 'video')
move;move, movement, motion, movie
Mozambik;Mozambique
mudi-make;prey
mudi;purpose, goal, objective, aim, end, intend, target
mui-rite-ropa;suit, tuxedo
mui-vole-neso;itchiness
mui-vole;itch, compulsive desire, yearn, crave
mui;very, many, much, a lot
muko;mucus, snot, phlegm
mumi;wax, waxy
mun-siren;doorbell
mun;door, gate
mundo;world, globe, global
muravi-senti;formication
muravi;ant
muro;wall
Mursia;Murcia
musele;muscle, muscular
musika-teata;opera
musika;music, musical
muso-fobo;musophobia
muso;mouse, rat
muta-numa;version (number)
muta-uti;converter, transformer
muta;change, modify, modification, mutation
nafasa;breathe, breath
naga-fobo;ophidiophobia
naga;snake, slither
Naijiria;Nigeria
Naja;Nigerian Pidgin, Naijá, Naija
naje;swim
najima-etudi;astrology (see 'najima-keredo')
najima-keredo;astrology (see 'najima-etudi')
najima-siensa;astronomy (see 'univesa-siensa')
najima;star, to highlight, celebrity
name-buku;dictionary
name-jura;grammar (see 'linga-regula')
name-muta;conjugate (a word), inflection
name-tari-siensa;etymology
name;name, word
nami-kaja-sino;curly brackets, braces, {}
nami-sino;tilde, ~
nami;wave, undulation
naro;narrow, thin, strait
nase;nose
nata;cream, creamy
nati-dia;birthday
nati-fobo;lockiophobia
nati;birth, give birth
natura-eleti;instinct, intuition, hunch, gut feeling
natura;nature, natural
Navara;Navarre, Navarra, Nafarroa
navi;boat, ship
navu;predict, prophecy, prediction, prophetic
nea;near, neighborhood, close by, approach, nearly
nebu;mist, fog, foggy, nebulous
neka;neck
Nepal;Nepal
nese;need, necessity, requirement, necessary
neso;abstract, abstraction, -ness, -ity
neto-baton-ludi;tennis (game)
neto-baton;racquet, racket
neto-foli;webpage (see 'eleki-loke', 'neto-loke')
neto-komun;server, online community, forum
neto-loke;website (see 'eleki-loke', 'neto-foli')
neto;net, network, mesh, web, enmesh
neve-fobo;chionophobia
neve;snow
ni;never, ever
nida;nest, hive, den
niku-aroma;umami
niku-en-feruta;fig (fruit)
niku-sando;hamburger, burger
niku;meat, flesh
nin;nine, 9
ninja;spy (noun), snoop, scout, surveil
Nipon-linga;Japanese (language)
Nipon;Japan (see 'Japan')
nise;sneeze
no-ave-a;intransitive (grammar)
no-duo-numa;odd (number)
no-kon-vole;by accident, accidentally, by chance, unintended, unintentional
no-kon;without, exclude
no-man;no-one, no one, nobody
no-metali;nonmetal
no-mori-man;zombie, undead
no-mori;undead, zombification, to make an undead, to become undead
no-nese-efeto;side effect, side-effect, aftereffect
no-nese-name;pleonasm
no-obe-jura;illegal
no-paren;orphan, orphaned
no-vole-anunsi;spam
no;no, not
noga;leg
nonga;farm, cultivate, agricultural
nore;north
Norvega;Norway, Norge
note-dalili;documented, document (verb), proof with physical evidence
note-pape;notepad, memo book, notebook (for writing)
note-sino;label, tag
note;write, a writing
Nu siti-neso;New Urbanism
Nu York;New York (prefer 'Nu-york')
Nu-york;New York (see 'Nu York')
nu;new
nube;cloud, cloudy
nudelo;noodle, pasta
nudi;nude, naked, nudity
nuga;rub, friction, massage, caress, tickle, chafe
nuki;nut
nulo-arapan;despair, hopeless
nulo-benda;inflexible, stubborn, obstinate
nulo-ego-ereki-esi-maladi;parasitosis, parasitic disease
nulo-ego-ereki-esi;parasite
nulo-ego-ereki;dependence, depend on, rely on
nulo-enejia;listless, sluggish, lethargic, inert
nulo-fide;unfaithful, adulterous
nulo-jenti;impolite, rude,  ill-mannered
nulo-jura-neso;injustice
nulo-kipa-tenden-neso;instability, unstability
nulo-mira;blind
nulo-pelo;hairless
nulo-sekura;insecure, insecurity
nulo-senti;insensitive, numb
nulo-sesi;asexual
nulo-sori;unapologetic
nulo-uti;useless, in vain
nulo-vina;innocence, lack of guilt
nulo;nothing, zero, 0
numa-sino;hash, number sign, pound sign, #
numa;number
nun-aje;modern
nun-dia;today, present day, currently (see 'di-dia')
nun;now
nuta-eleki-peso;neutron (atom)
nuta;neutral, bland, neuter, boring, impartial
o;modifier separator
oasi;oasis (prefer 'saara-lago')
obe-jura-kapa;arrest, imprisonment, incarceration, legal restraint, detention
obe-jura;legal
obe;obey, compliance, obedient
odi;hate, hatred, enmity
ofensa-man;criminal, lawbreaker, felon, delinquent
ofensa;crime, offense, sin, offensive, criminal
ofera;sacrifice, offering
ofisi;office, official, bureau, desk
Okapi;Okapia johnstoni, okapi, zebra giraffe, forest giraffe
Okinaua;Okinawa
oko;eye, glance, one's sight
Oksford;Oxford
ole;oil, unctuous
onion;onion, bulb
onore;honor, honorable, reputation
open-karo;convertible (car), cabriolet
open-make;chance, opportunity
open-neso;accessibility, openness
open;open
opitala-fobo;nosocomephobia
opitala;hospital
ora-uti-direto;clockwise (direction)
ora-uti;clock
ora;hour, o'clock, clock time
oranje-kera-veji;carrot
oranje-melon;pumpkin
oranje;orange
orijen;origin, source, original
Oseania;Oceania
osila;oscillate, swing, a swing
oso;bone
osura;shadow, shade, obscure, hide, hidden
ota-sesi;heterosexual
ota;other, different
otelo;hotel
otono;autumn
oven;oven, furnace, bake, heater
ovi-man;shepherd
ovi;lamb, sheep
ovo-veji;eggplant, aubergine
ovo;egg
padon;pardon, forgive, condone, an excuse
paga;pay, payment, spend
paisa;nation, country, national
paketa-12;dozen
paketa;package, parcel, packet, bundle
Pakistan;Pakistan
pale-man;spokesperson, spokesman, spokeswoman
pale;talk, speech, discussion, speak
pan;bread
panta;pants, trousers
papaver-kemi;opium
Papaver;Poppy (flower)
pape;paper
papilon;butterfly, moth
para;stop, halt
parada;parade, march, procession
paren;parent
pari;bet, wager, gamble
parija;grill, grid, grate, broiler, gridiron
Parisi;Paris (France)
pasa-dia;yesterday
pasa-pota;passport
pasa;pass, happen, past, marks habitual tense
pase-tori;dove, pigeon
pase-veni;calm, chill out, calm down, quiet down, appease
pase;peace, peaceful
paso;step, stride, pace
patata;potato
patio;patio, courtyard, yard
pato-mira-fobo;anatidaephobia
pato;duck, goose, swan, waterfowl
pausa;pause, break, interruption
pedi-balo;football, soccer
pedi;foot, by foot, kick, stomp
Pekin;Beijing (China)
pele-sofio-maladi;dermatitis, eczema
pele;skin, surface, peel, hide (animal)
pelo-bovi;bos grunniens, yak, domestic yak, tartary ox, grunting ox, hairy cattle
pelo;hair, fur, feather, hairy
pen;pen, pencil, stylus
pende;hang, hanging, suspension, suspense
penelo;brush, comb, sweep
pensa;think, thought
Pensilvania;Pennsylvania
penta;five, 5
pepa;pepper, spicy
peribadi-pubili;dox, doxx, doxing, doxxing
peribadi;private, privacy
pero;but, except
Peru;Perú
peso;piece, part, component
pianeta;planet, planetary
piano-man;pianist
piano;piano
piato;plate, dish, disc, tray, to plate
piega;fold, crease
pigi;pig, boar
pigu;butt, ass
pika-senti;tingle, tingling, shiver or prickle sensation
pika;prick, pierce, sting
pila;yellow
pile;pill, pellet, bullet
pilo;pillow, cushion
pin-fobo;trypanophobia
pin-senti;paresthesia, tingling on the skin
pin;pin, needle
pinta;paint, painting, painted
pipi;pee, urinate
pirami;pyramid
pirata;pirate
piron;fork
Pisa;pizza, Pisa (Italy)
pisi-fobo;ichthyophobia
pisi;fish
pisina;pool of water, pond, swimming pool
piti;pity, mercy, compassion, sympathy, sympathize
piuma;feather
poesi;poem, poetry, poetic
poke;pocket
polisa;police
politi;politics, political, politicize
polo-fobo;alektorophobia
polo;chicken, fowl
Polska;Poland, Polska
Polski;Polish (language), polski
poma;apple
pone-name;describe, description
pone-sinifi;define, definition
pone;put, lay, place
ponte;bridge
Popula republika de kongo;People's Republic of the Congo, République populaire du Congo (not to be confused with 'Popula-regula-gove republika de kongo', 'Kongo')
Popula-regula-gove republika de kongo;Democratic Republic of the Congo, DRC, République démocratique du Congo, RDC (not to be confused with 'Kongo', 'Popula republika de kongo')
popula-regula-gove;democracy
popula;people, population, populate, populous, popular
Portugal;Portugal
Portukale;Portuguese (language), português
Posol;Pozol (drink)
Posole;Pozole (food)
pota-neso;transportation
pota;carry, transport, transfer, port, cargo
pote;pot, pan, cauldron, crucible, saucepan
poten-pin;nail (fastener)
poten;power, force, strong
pove;poor, poverty
pubili-dua;campaign (movement), solicit votes, push for
pubili;print, publish
puja;worship, praise, adore, adoration
puko;knife, dagger, stab
pulasi;plastic, plastics, malleable
pumpa;pump (motion + tool)
puni;punish, punishment
punjo;fist, punch, knob, hilt, handgrip
punto-impotan;focus, emphasis
punto;point, dot, spot, indicate, pointy, sharp
pupe;doll, puppet
pura;pure, clean, cleanse
puse;press, push, shove
radi-uti;radio (machine)
radi;ray, beam, radiate, bolt, radius
radika;root, rooted, rhizome, tuber
raja-senjore;majesty, highness
raja-topi-viru;coronavirus
raja;ruler, royal, king, queen
raka;rack, shelf, ledge
rama;arm, limb, branch
rampa-sino;slash, stroke, solidus, forward slash, diagonal, /
rampa;ramp, lean, incline, slope, bow, slant, tilt, tilted
rana;frog, toad
randon;random, arbitrary, caprice
ranko;rank, status, ordering, -th (ordinal)
rano;early, too soon
rapi-kemi-reaki;catalysis
rapi;fast, speed, quickly
raro-fase;gurn, gurning
raro-tera-atomo;rare-earth element, REE, rare-earth metal, rare-earth oxides, rare earth
raro;rare, weird, strange
rasa-divi;racial segregation
rasa;race, ethnicity, racial
raso;shave, scrape, graze, scratch
rason;reason, cause, explanation
ratio;ratio, rate, proportion, fraction
reaki-makina;telephone answering machine, answerphone
reaki;answer, response, reaction
rebele;rebel, rebellion, revolution, treason, rebellious
redi;ready, available, prepare, preparation
refere;refer to, reference, mention, allusion
regen-aroma;petrichor
regen-fobo;oluviophobia
regen-uti;umbrella
regen;rain
regula-feme;dominatrix
regula;regulate, regulation, control, ruler (tool), a rule
reka;right (direction)
rela;rail, train, bar
relate;relate, relation, relationship, connection, connect with
relijon-mesa;altar, shrine
relijon;religion, religious
remo;oar, rudder, to row
rena;kidney
renta;rent, borrow
reo;flow, current, rhythm, influence
repare-vari;edition, edit, version (not to be confused with 'muta-numa')
repare;fix, correction, improvement, repair, mend
repubika;republic, republican
resi-figura;lie down, lay down
resi;rest, sleep
retili-fobo;herpetophobia
retili;reptile, crawl, creep
retorante;restaurant
revela;reveal, divulge, disclose, revelation, disclosure
rika;rich, wealth
rima;rhyme, rhyming
ringo;ring, loop, hoop, circuit, halo
rio;river, stream (prefer 'riva')
Rioha;La Rioja
risa;laugh
risiti-labora;hire, employ (as worker)
risiti-valu;estimation, appraisal, judgment, judgement, evaluation, appreciation
risiti;receive, get, receipt, acknowledge, reception
riso;rice
rite-neso;formality
rite;rite, ceremony, ceremonial
riva-kavalo;Hippopotamus amphibius, hippopotamus
riva;river, stream
roba;dress, robe
robare;steal, theft
roboto;robot
roden;rodent (non-mouse), squirrel, beaver
roga;ask, question
roka-antika-gadi;parsley
Roka-raka;Rockledge (place)
roka;rock, stone
roketa;rocket, missle, projectile
rompe;break, rupture, smash, disrupt
rondo-foli-veji;cabbage
rondo-kaja-sino;round brackets, parentheses, ()
rondo-nun;turn (turn to play)
rondo;circle, round, around
ronko-dire;complain
ronko;snore, grunt
Rontgen-radi;X-ray
ropa;clothing, wear
rosa;pink, rose
ruina;destroy, ruin, destruction, downfall
ruja-bulu;magenta
ruja-lati-maladi;smallpox, red plague
ruja-roka;ruby
ruja-rondo-radika-veji-maladi;raphania (sickness)
ruja-rondo-radika-veji;radish
ruja-veni;irritation, irritate, irritant, sore
ruja;red
rumora;gossip, rumor, rumored
runguma;hug, embrace
rusa;deer
ruse;trick, hoax, ruse, fraud, scam, tricky
Rusia-linga;Russian (language)
Rusia;Russia
ruto;burp, belch
saara-lago;oasis
saara;desert
Saara;Sahara
sadi;mean, cruel, sadistic
safari-man;traveler, adventurer
safari;journey, voyage, trip, travel, adventure, adventurous
saga-kompare;analogy
saga-man;storyteller, fabulist
saga-pota;metaphor
saga;story, narrate, fictional
saje;wise, wisdom
sake;alcohol, liquor
sako;bag, sack
saliva;saliva, spit, expectorate
salo;salt, salty, seasoning
salon;salon, parlor
salu;hello, greet, greeting, salute, goodbye, bye
sama-manja;cannibalism
sama-sama;you are welcome
sama-sesi;homosexuality, homosexual, gay, lesbian
sama-sinifi;synonymous
sama;like, as, than, same
san;three, 3
sando;sandwich
sange-fobo;hemophobia
sange;blood, bleed
sano-karo;ambulance
sano-neso;healthcare
sano;health, healthy, heal
Santi-feme-paren-monte;Holy Mother (Mount Everest) (see 'Jomoglanma', 'Everest')
santi-man;saint
santi;holy, spiritual
sapato;shoe
Saudi-arabia;Saudi Arabia, Kingdom of Saudi Arabia, KSA
sava;save, rescue, salvation, salvage, retrieve
savaje;wild, savage, feral, uncivilized, wilderness
savi-man;expert
savi-suma-buku;encyclopedia, encyclopædia
savi;know, understand, knowledge
savon-gadi;cilantro, coriander
savon;soap
Sbaria;Sweden, Sverige
se;if, whether
seda;silk
sede;sit, seat, chair
sekeleton;skeleton, framework, scaffolding
seketa;secret, mystery
seko;dry, dryness
sekola;school
sekon;second (time)
sekura;secure, safe, safety, security
sela-develo-maladi;cancer, cancerous
sela;cell (biology + room)
selo;sky
semana;week, weekly
semen;seed
semi-aje;middle age (era, human age), medieval
semi-dia;noon, midday
semi-pota;semiconductor
semi-rondo;arc
semi;half, partial, incompletely
sena;scene, stage
sende;send, transmit, dispatch, broadcast, a post
seni;art, artistic
senjore;mr., ms., sir, madam, lord, master
senta-eve;midnight, middle of the night
senta;center, centre
sentense;sentence, phrase, proposition, verdict, conviction (legal)
senti-fobo;haphephobia
senti;sense, feel, touch, feeling
sento-ano-ovo;century egg, hundred-year egg, thousand-year egg, millennium egg, black egg, blacking egg
sento-ano;century
sento;hundred, 100
sera-fobo;claustrophobia
sera;close, shut, seal
sereale;grain, cereal, wheat
serebe;brain
seri;series, list, order, row, enumerate
serio;serious, earnest, seriousness
sesi-ego;masturbate, masturbation
sesi;sex, sexy, copulate, gender
sete;thirst, thirsty
Seuta;Ceuta
seven;seven, 7
severe;severe, strict
si-ale-ego;themselves
si-ale;they
si-duo;both
si-ego;himself, herself, itself
si-feme;she
si-kosa;it
si-ota;the other one
si-uno;one (indefinite pronoun)
si-viro;he
si;third person, he, she, it
sibi;sibling, brother, sister
sibila;whistle, hiss, fizzle, whiz, zip
Sidni;Sydney, Sidney (surname)
siensa-kamera;laboratory
siensa-man;scientist, researcher
siensa-mui;multidiscipline
siensa;science, scientific, -ology
sigaro;cigar, cigarette
sige-dia;tomorrow
sige;next, follow, subsequent, succeeding
Sikago;Chicago
Sikilia-lupo;Sicilian wolf, Canis lupus cristaldii
Sikilia;Sicily, Sicilia
silaba;syllable
silara;silver, silvery (see 'atomo-47')
silen;silence, silent
sili-man-fobo;coulrophobia
sili-man;clown
sili;silly, foolish, trivial, triviality
sina;chest, torso
Sina;China, Zhōngguó
sinda;cinder, ash, ashy
sinifi;meaning, to mean, sense, significance, significant
sino;sign, mark, symbol, signal, token, logo
sinti;sparkle, twinkle, polish, shine
siren;bell, siren, alarm, to chime, handbell, doorbell
sisora;scissors, shears
sita;six, 6
sitema;system, systematic, systematize
siti-neso;urbanism
siti-senta;downtown, city centre, city center
siti;city
sivi-neso;citizenship
sivi;citizen, civilian, civil, civilize
so;so, such
sofa;sofa
sofio;blow, inflate, puff
soke;sock, stocking
sole-fobo;heliophobia
sole-fogo;sunburn
sole-lense;sunglasses, shades
sole-luse;sunshine, sunlight
sole;sun
soli;soil, dirt, clay, mud
solidi;solid, firm
solo;single, alone, only
solu;solve, solution, loose, untie, dissolve
soma;summer
some-kosa;something
some-si-uno;someone, somebody, anyone
some-tempo;sometimes
some;some, few, an indefinite amount, somewhat
sonjo;dream
sono-bata;noisy dispute, argy-bargy
sono-fobo;misophonia
sono;sound
sonri;smile
sori;sorry, to be sorry, contrition, remorse
sosia-regula-gove;socialism
sosia;society, social
su-fero-maladi;hemochromatosis, haemochromatosis, iron overload (sickness)
su;too, too much
suave;smooth, soft, sleek, even
subita;sudden, suddenly, abrupt, to precipitate
Sudan;Sudan
Sude afrika;South Africa (country), Republic of South Africa
sude;south
sue;sew, stich, seam
sufi;enough, sufficient, suffice
suga-bela;cute (see 'mini-bela')
suga;sugar, sweet
sujesi;suggest, suggestion, hint, insinuation, propose (an idea)
sujo-ropa;laundry
sujo;dirty, grime, filth, to taint, corruption
suko;suck, suction
suma-foli;spreadsheet
suma;sum, total, calculate, score
Sumatra;Sumatra
sumete;surrender, submit, yield, give in, submission
sun;soon
Suomi;Finland, Suomi
supa-ato;condescending, patronizing
supa-go;go up, climb, rise (see 'leva')
supa;above, over, up
supe;soup
superise;surprise, astonish, shock, unexpected
suponji;sponge
supose;suppose, guess, conjecture, hypothesis, assume
sure-pedi-neso;sure-footedness
sure;certain, sure, certainty
susura;whisper, rustle, murmur
taba;board, plank, beam, slat
tabu;taboo, forbid, forbidden
tadi;late, tardy, delay
Tagalog;Tagalog, Wikang Tagalog
Tai;Thailand, Thai (language), Tai (language family)
talon;heel
tambo;drum
tamen;although, though, nevertheless, in spite of, however
tami;filter, sieve, colander
Tamiru;Tamil
Tansania;Tanzania (place, spider), United Republic of Tanzania
tape;carpet, rug
tari-kasa;museum
tari-saga;myth, legend
tari;history, historical
tarifa;charge, bill, tax
Tasmania;Tasmania
tavan;ceiling, roof
tea;tea
teata;theater, theatrical
teke;goat, antelope, ibex, a caprine
teki-man;technologist
teki;technology, technological, technical
tela;cloth, fabric
Telugu;Telugu
tema;theme, subject, topic, to be about, to concern
tempo-area;time zone
tempo-mesura;timekeeper
tempo-tolera;patience
tempo;time
ten-ano;decade
ten;ten, 10
tenden;tendency, bias, inclination, inclined to
teni;hold, grasp, cling to
tensa;tense (action + state + grammar), stretch, strained, tighten, fasten
tenta;try, attempt, experiment, trial, tentative, provisional
teoria;theory, theorize
tera-vibe;earthquake, temblor
tera;earth
terapi;therapy, treatment, treat, cure, therapeutic
tese;weave, woven, knit
teta;breast, tit, boob
tie;uncle, aunt
tila-kan;reachable
tila-savi;to start to understand, reach knowledge
tila;until, till, up to, approach, reach
timi;timid, shy, coy, reserved
tin;tin (see 'atomo-50'), can
tingi-fobo;acrophobia
tingi-sekola;high school
tingi-tingi-sekola;university
tingi;high, tall, height
tinta;tint, ink, hue
tipi;tent, teepee, hut
tipo;type, quality, kind, typical
tira;pull, tug
Titanik;RMS Titanic
tivi;tv, television
tobako;tobacco
toilete;toilet, urinal, restroom, wc, use bathroom
Tokio;Tokyo
tolera;tolerate, tolerance, tolerant, accepting
toma;take
tonere;thunder
topi-give-man;mayor, president, governor, head of government, chief minister, prime minister
topi-noga;lap (front of thighs)
topi;cap, hat, top, summit
tore;tower, skyscraper, turret, steeple, minaret
tori-fobo;ornithophobia
tori;bird
tose;cough, bark
toti;turtle, tortoise
tovari;companion, spouse, partner, comrade
tu-ale;you all
tu-ego;yourself
tu;second person, you
tubo-laji;sewer, drain
tubo;tube, pipe
Tuerk;twerk, twerking
tufan-fobo;astraphobia, lilapsophobia
tufan;storm, stormy, typhoon, hurricane
tuju;always, forever, ever
tumba;grave, tomb
tumo;tumor, swell, swelling, bulge
tupe-kavalo-sono;bray
tupe-kavalo;donkey, ass (animal)
tupe;dull, blunt, obtuse, dumb
Turki;Turkey
Turse;Turkish (language)
u;or, either
uben;exercise, training, practice, drill
ubuntu;kind, humane, humaneness, solidarity
udan;shrimp, lobster, a crustacean
Uganda;Uganda
Uimbeldon;Wimbledon (place, sports)
ujana-jeo;juvie, youth detention center, reform school, approved school
ujana;young, youth, a youth
uka;hook, hanger, crook (shepherd), mitre
Ukraina;Ukraine
ulu;owl
umile;humble, modest, humility, shame
unda-go;fall, descend
unda-meno;underscore character, low line, low dash, _
unda-sole;sunset, twilight, sundown
unda;under, below, down, fall
undon;sport, athletic, physical exercise
ungu;nail, hoof, claw
univesa-siensa;astronomy (see 'najima-siensa'), cosmology
univesa-viva-siensa;astrobiology
univesa;universe, univesal
uno-deo;monotheistic, monotheism
uno-kamera-domo;single room occupancy, studio flat, bedsit
uno-punto-sita-kilo-mita;mile (length)
uno;one, 1
Urdu;Urdu
Usbekistan;Uzbekistan
utero;womb, uterus
uti-make;service
uti;use, tool
Uu-linga;Wu Chinese (languages)
Uu;Wu (region)
vaga;wander, roam, rove
vagen;wagon, van, cart, bus, truck
vakansa-dia;bank holiday, national holiday
vakansa-navi;cruise ship (not to be confused with cruiser ship)
vakansa;vacation, holiday
vakili-name;pronoun
vakili-umile;proxyshame, fremdschämen
vakili;represent, stand for, representative, agent, envoy
vaku-man;spaceman
vaku;empty, vacuum, outer space, vacuous
Valensia;Valencia
vali;valley
valu;value, worth
vanila;vanilla
vanita;vanity, pride, proud
vapo;steam, vapor
vare;resource, wares, supply, merchandise, commodity
vari;vary, variety, various, variation, variance
vasa-fobo;aquaphobia
vasa-foreta;jungle
vasa-retili;crocodile, alligator, caiman
vasa;water
vasanta;spring (season)
Vatikan;The Vatican, Vatican City
ve;where
veji;plant, vegetable
veka;awake, wake, aware
vela;sail
ven;when
vende;sell, sale
vendeta;revenge, vengeful, to seek revenge
venemo;venom, poison, to poison
venera;respect, veneration, respectful
veni-ma-bon;improve, enhance, become better
veni-meno-bon;worsen, decline, get worse
veni;come, become
ventana;window, mirror, screen
vento-fobo;ancraophobia
vento;wind, windy
vepon;weapon, arms, to arm, weaponize
vere-fule-neso;honesty
vere-fule;honest, truthful
vere-make;implement, carry out
vere;true, truth, really
vese;west
veta;weather, climate
via-linga-man;translator
via-linga;translate, translation
via-relate;transitive (as in the relation between three objects) (not to be confused with 'ave-a')
via-sesi;transexual
via-vari-eleki-uti;transistor
via-viva;survive
via;through, across, trans-
vibe;vibe, shake, vibrate, agitate, vibration, turbulence
video-ludi;video game, videogame
video;video
Viet-linga;Vietnamese (language)
Vietnam;Vietnam, Viet Nam
vila;village, town
vile-tempo;period, interval (of time)
vile;while, during
vina-man;culprit, wrongdoer
vina-moda;whataboutery, whataboutism
vina;blame, fault, guilt
vinge;wing, brim, vane
vino-beri;grapes
vino;wine
vinta;winter
viola;viola, violin, a string instrument
violensa;violence, violent
vipi;whip, lash
viro-amigo;boyfriend
viro-feme;tomboy
viro-kinde;boy
viro-mari-feme;boywife, boy-wife
viro-paren;father
viro-semen-sela;spermatozoon, sperm, spermatozoa
viro-semen;semen, seminal fluid, cum
viro;man, male
viru;virus, viral
visita;visit
viva-kamera;living room
viva-kan;livable
viva-moda;lifestyle
viva-savi;experience
viva-siensa;biology
viva;life, live
voka;voice, call, call out, summon
vola-fobo;aerophobia
vola-muso;bat (animal)
vola;fly, flight
vole;want, desire
vomi-fobo;emetophobia
vomi-maladi;nauseous (see 'mare-maladi')
vomi;vomit
vori;worry, concern
vote;vote
vudu;curse, hex, jinx, spell
vuma;worm
vunda;wonder, miracle, marvel, wonderful
